university,program,Degree,date,decision,season,status,score1,score2,score3,score4,note
University of Toronto,Counseling Psychology,Masters,"May 10, 2025",Rejected on 17 Apr,Fall 2025,International,GPA 3.77,,,,"CGPA: 3.77; GPA in the last year of studies: 4.0
Graduated from McGill university with a bachelor in psychology and anthropology in 2024.
Quebec applicant; Also rejected from U of Ottawa and McMaster.
Good luck everyone!"
University of Alabama,Educational Psychology,PhD,"May 10, 2025",Rejected on 9 Dec,Fall 2025,International,,,,,
Clark University,Developmental Psychology,PhD,"May 10, 2025",Interview on 5 Feb,Fall 2025,International,,,,,Interview: February 5th. Rejected: March 14
University of Connecticut,Educational Psychology,PhD,"May 10, 2025",Rejected on 7 May,Fall 2025,International,,,,,
University of Chicago,Social Work,Masters,"May 09, 2025",Accepted on 9 May,Fall 2025,American,GPA 2.3,,,,
Ecole Polytechnique Federale De Lausanne (EPFL),Physics,Masters,"May 09, 2025",Rejected on 8 Apr,Fall 2025,International,GPA 3.57,,,,
KU Leuven,Physics,Masters,"May 09, 2025",Accepted on 28 Feb,Fall 2025,International,GPA 3.57,,,,
University of Paris-Saclay,M1 Genegral physics,Masters,"May 09, 2025",Accepted on 30 Apr,Fall 2025,International,GPA 3.57,,,,
NYU Steinhardt,Studio Art,MFA,"May 09, 2025",Accepted on 9 May,Fall 2025,International,,,,,
Georgetown University,English,Masters,"May 09, 2025",Wait listed on 1 May,Fall 2025,American,,,,,"Waitlisted but my dream program, please decline your offer if not attending!"
University of South Florida,Computer Science,PhD,"May 09, 2025",Rejected on 9 May,Fall 2025,International,GRE 316,GRE V 152,GRE AW 3.5,GPA 3.83,
KU Leuven,Philosophy,Masters,"May 09, 2025",Accepted on 9 Aug,Fall 2025,International,GPA 3.47,,,,uk 2:1
CUNY Hunter College,Dance Education,Masters,"May 09, 2025",Accepted on 9 May,Fall 2025,American,GPA 3.94,,,,Email to check portal
University of New Mexico,Communication,PhD,"May 09, 2025",Rejected on 9 May,Fall 2025,International,GPA 3.8,,,,Took them a while
Saint Louis University,Civil Engineering,PhD,"May 09, 2025",Accepted on 21 Feb,Fall 2025,International,GRE 152,GRE V 150,GRE AW 4,GPA 4.17,"My undergrad GPA is over 5.0. I got admission, but I haven't received a funding offer since. I've also not received a response to emails from faculty. I'm left hanging!"
University of Edinburgh,Computer Science,Masters,"May 09, 2025",Accepted on 14 Apr,Fall 2025,International,GPA 4.0,,,,"I am very uncertain about taking this opportunity. I believe a 1-year master’s might be too accelerated for me, maybe not in an academic sense, but definitively in a lifestyle sense. I believe it might be too fast-paced and stressful for me. I would appreciate any and all advice I could receive."
"University of California, Santa Cruz",Physics,PhD,"May 09, 2025",Rejected on 9 May,Fall 2025,International,,,,,Was waitlisted.
University of Illinois Urbana-Champaign,Bioengineering,PhD,"May 09, 2025",Rejected on 8 May,Fall 2025,American,GPA 3.72,,,,
Texas A&M University,Mechanical Engineering,PhD,"May 09, 2025",Rejected on 9 May,Fall 2025,International,GPA 3.52,,,,"They literally put 3 stages to get into their official site to see how they made the rejection :D. First I have done the activation, then get into the official site, no notification nothing. After that I had to find the application decision."
National University of Singapore,Computer Science,Masters,"May 09, 2025",Accepted on 9 May,Fall 2025,International,GRE 321,GPA 3.9,,,Didn't hear about scholarships yet...
national university of sin,Computer Science,Masters,"May 09, 2025",Accepted on 9 May,Fall 2025,International,GRE 321,,,,
Purdue University,Aeronautics & Astronautics,Masters,"May 09, 2025",Accepted on 24 Apr,Fall 2025,American,GPA 3.4,,,,
Michigan State University,Chemistry,PhD,"May 08, 2025",Rejected on 8 May,Fall 2025,International,GPA 3.32,,,,
University of Massachusetts Amherst,Public Health,Masters,"May 08, 2025",Accepted on 8 May,Fall 2025,American,GPA 2.98,,,,"Online MPH, no GRE, 3 Letters of Rec, I got my answer a little over 2 weeks after everything was submitted. Good luck all!"
Michigan State University,Chemistry,PhD,"May 08, 2025",Rejected on 8 May,Fall 2025,International,GPA 3.39,,,,
University of Texas at Dallas,Chemistry,PhD,"May 08, 2025",Rejected on 1 May,Fall 2025,International,GPA 3.39,,,,
CUNY Graduate Center,Industrial Organizational Psychology,PhD,"May 08, 2025",Accepted on 11 Apr,Fall 2025,American,,,,,
University of South Dakota,School Psychology,Other,"May 08, 2025",Interview on 7 May,Fall 2025,American,GPA 2.40,,,,Ed.S. School Psychology. Applied ~ 04/10/25. Interviewed 05/07 and was told decision had been submitted to school on 05/08. Waiting to hear back on acceptance/rejection.
NYU Grossman School of Medicine,Biomedical Informatics,Masters,"May 08, 2025",Accepted on 8 May,Fall 2025,American,GPA 3.60,,,,
Brock University,Sustainability,Masters,"May 08, 2025",Wait listed on 5 May,Fall 2025,International,GPA 3.6,,,,"Didn't receive an e-mail, just checked the portal and saw the decision."
University of Kentucky,Geography,Masters,"May 08, 2025",Rejected on 30 Apr,Fall 2025,International,GPA 3.78,,,,
Case Western Reserve University,Biomedical Engineering,PhD,"May 08, 2025",Accepted on 24 Mar,Fall 2025,American,GPA 3.76,,,,Met with P.I. initially during open house weekend at his poster presentation. He expressed interest in my availability to start early (I live within 1 hour of campus and was not currently tied down to school or a job) and my lab manager experience. Received offer 3/24 and began working in lab 4/14.
Columbia University,carbon management,Masters,"May 08, 2025",Wait listed on 7 May,Fall 2025,International,GPA 3.3,,,,
Arizona State University,Biomimicry,Masters,"May 08, 2025",Accepted on 7 May,Fall 2025,American,GPA 3.83,,,,
University of California (UCLA),Music,Masters,"May 08, 2025",Interview on 7 May,Fall 2025,American,GPA 3.49,,,,
Georgia Institute of Technology,Aerospace Engineering,PhD,"May 08, 2025",Accepted on 2 May,Fall 2025,International,GPA 3.9,,,,
Northeastern University,Computer Science,PhD,"May 08, 2025",Rejected on 6 May,Fall 2025,International,GPA 3.2,,,,
Northeastern University,Computer Science,PhD,"May 07, 2025",Rejected on 6 May,Fall 2025,American,GPA 4.00,,,,
Georgia Institute of Technology,Robotics,Masters,"May 07, 2025",Rejected on 7 May,Fall 2025,International,GRE 326,GRE V 158,GRE AW 4.50,GPA 3.80,Track: College of Computing
Hunter College Silberman School of Social Work,Clinical Social Work,Masters,"May 07, 2025",Interview on 30 Apr,Spring 2025,American,GPA 2.4,,,,
University of Texas Health Science Center,Epidemiology,PhD,"May 07, 2025",Accepted on 7 May,Fall 2025,International,,,,,
University of Illinois Chicago(UIC),DrPH in Leadership,Other,"May 07, 2025",Rejected on 5 Mar,Fall 2025,American,GPA 3.8,,,,"DrPH in Leadership, Not accepted. 3.8 undergrad and 4.0 masters in health admin"
Dakota State University,Information Systems,PhD,"May 07, 2025",Rejected on 7 May,Fall 2025,American,GPA 3.8,,,,"3.8 Undergrad, and 4.0 Masters in Health Admin"
University of Kentucky,Statistics,PhD,"May 07, 2025",Rejected on 7 May,Fall 2025,American,,,,,"Well, at least they got back to me, a bit late though."
Case Western Reserve University,Electrical Engineering,Masters,"May 07, 2025",Accepted on 7 May,Fall 2025,American,GPA 3.08,,,,
Stanford University,STEP - Single Subject,Masters,"May 07, 2025",Wait listed on 7 Mar,Spring 2025,American,GPA 3.81,,,,Still waitlisted for STEP: Teaching of Social Science. Officially 2 months today and still no news. Hoping for something soon!
university of minnesota,Electrical,PhD,"May 07, 2025",Rejected on 6 May,Fall 2025,American,GPA 3.82,,,,
University of Wisconsin - Madison,Nuclear Engineering,PhD,"May 07, 2025",Rejected on 7 May,Fall 2025,American,GPA 3.85,,,,
Augusta University,Clinical Laboratory Science,Masters,"May 07, 2025",Accepted on 7 May,Fall 2025,International,,,,,
University of British Columbia,Geography,Masters,"May 07, 2025",Rejected on 6 May,Fall 2025,International,,,,,
University of Georgia,Sociology,PhD,"May 07, 2025",Rejected on 7 May,Fall 2025,International,GPA 4.0,,,,"The package is strongly based on teaching with around 22k to 24k before tax, and the offer letter can be revised annually. Should reach out to the grad students before accepting. Teaching 2 classes per semester can start from the third year."
University of Washington,Communication Studies,Masters,"May 07, 2025",Rejected on 13 Feb,Fall 2025,American,GPA 3.62,,,,Acc rate for MA program was
University of Utah,Communication Studies,Masters,"May 07, 2025",Rejected on 6 Feb,Fall 2025,American,GPA 3.62,,,,200 apps for under 10 slots :(
University of Montana,Communication Studies,Masters,"May 07, 2025",Accepted on 5 Feb,Fall 2025,American,GPA 3.62,,,,"Fully funded + $10,000 TA stipend"
University of Maine,Communication Studies,Masters,"May 07, 2025",Accepted on 25 Feb,Fall 2025,American,GPA 3.62,,,,"No funding, they say none is available this year for MA students"
Ball State University,Communication Studies,Masters,"May 07, 2025",Accepted on 8 Jan,Fall 2025,American,GPA 3.62,,,,"Fully funded + $12,500 TA stipend"
UC RIVERSIDE,Creative Writing,MFA,"May 07, 2025",Rejected on 6 May,Fall 2025,American,,,,,"Received no notification at all via email, phone, mail... nothing, all through the end of April. Kept checking the application portal, it still read ""awaiting decision"". Wrote twice in April to the contact email for MFA Creative Writing as I had other offers pending and needed to make a decision; one contact was via the portal, other via direct email, and still received no response. After May 1, thinking maybe I was on the wait list and they were waiting to see if a space opened up after others replied to offers, I finally contacted graduate admissions, who said the department had not yet notified them to send my decision, and they suggested I contact someone else in the Creative Writing department, which I did. Here was the response: 
""I'm sorry you have not received word from the Graduate School yet. Notices should have been sent out a month ago. Perhaps we have the wrong email address for you on file. I'm sorry to say that your application was not advanced to admission for the 2025 academic year. We hope you will consider reapplying next year and wish you the best of luck in all your future endeavors."" 
Bogus - they had my email on file and no notice was posted on portal. Glad I have another offer to accept and don't have to deal with a program that can't give the courtesy of a response to applicants after multiple attempts to get an answer on a decision."
Ecole Polytechnique Federale De Lausanne (EPFL),EDMS Molecular Life Sciences,PhD,"May 07, 2025",Rejected on 6 May,Fall 2025,International,GPA 3.45,,,,"One undergrad research scholarship, 5 posters presented at congresses. Extensive teaching experience, volunteering, etc. Rejection letter reads: Dear ..................., Thank you for your interest in the EPFL Doctoral Program in Molecular Life Sciences, EDMS. We regret to inform you that, after careful consideration of your application, we have decided not to offer you a PhD position within EDMS. We were obliged to apply strict criteria in comparing the many excellent applications we received, and have unfortunately had to decline some candidates. Please note that the contents of the discussions by the Admission Committee are private. We can therefore not provide you with additional details about the decision. Please be advised that you may, indeed, reapply after one year, however, as the application form standards and demands on acceptance into EPFL doctoral programs are both high and rising, unless there are important developments in your profile, your chances of being admitted in one year will not be significantly higher than this year. We thank you for your understanding and wish you all the best for your future studies and career. Yours sincerely,"
EDMS,Molecular Life Sciences,PhD,"May 07, 2025",Rejected on 6 May,Fall 2025,International,GPA 3.45,,,,"One undergrad research scholarship, 5 posters presented at congresses. 
Extensive teaching experience, volunteering, etc.

Rejection letter reads:
Dear ...................,

Thank you for your interest in the EPFL Doctoral Program in Molecular Life Sciences, EDMS.

We regret to inform you that, after careful consideration of your application, we have decided not to offer you a PhD position within EDMS. We were obliged to apply strict criteria in comparing the many excellent applications we received, and have unfortunately had to decline some candidates. Please note that the contents of the discussions by the Admission Committee are private. We can therefore not provide you with additional details about the decision.

Please be advised that you may, indeed, reapply after one year, however, as the application form standards and demands on acceptance into EPFL doctoral programs are both high and rising, unless there are important developments in your profile, your chances of being admitted in one year will not be significantly higher than this year.

We thank you for your understanding and wish you all the best for your future studies and career.
Yours sincerely,"
Syracuse University,Physics,PhD,"May 07, 2025",Rejected on 6 May,Fall 2025,American,GPA 3.72,,,,No GRE. 4.0 GPA in M.S. in Engineering Physics. No publications.
University college london,English: Issues in Modern Culture,Masters,"May 07, 2025",Accepted on 7 May,Fall 2025,International,,,,,
University of South Dakota,Basic Biomedical Sciences,PhD,"May 07, 2025",Rejected on 6 May,Fall 2025,International,GPA 3.46,,,,
"University of California, Berkeley",Physics,PhD,"May 07, 2025",Rejected on 10 Mar,Fall 2025,American,GPA 3.89,,,,
"University of California, San Diego",Physics,PhD,"May 07, 2025",Rejected on 25 Feb,Fall 2025,American,GPA 3.89,,,,
California Institute of Technology,Physics,PhD,"May 07, 2025",Rejected on 3 Mar,Fall 2025,American,GPA 3.89,,,,
University of California (UCLA),Physics,PhD,"May 07, 2025",Rejected on 27 Feb,Fall 2025,American,GPA 3.89,,,,
Rochester Institute of Technology,Physics,PhD,"May 07, 2025",Rejected on 9 Apr,Fall 2025,American,GPA 3.89,,,,
"University of California, Irvine",Physics,PhD,"May 07, 2025",Rejected on 21 Apr,Fall 2025,American,GPA 3.89,,,,
Rensselaer Polytechnic Institute,Physics,PhD,"May 07, 2025",Rejected on 14 Apr,Fall 2025,American,GPA 3.89,,,,
Syracuse University,Physics,PhD,"May 07, 2025",Rejected on 6 May,Fall 2025,American,GPA 3.89,,,,
Purdue University,Mechanical Engineering,PhD,"May 06, 2025",Accepted on 6 May,Fall 2025,International,,,,,
University of Amsterdam,Psychology,Masters,"May 06, 2025",Accepted on 5 May,Spring 2025,International,GPA 3.86,,,,Research Master's
University of North Carolina (UNC),Chemistry,PhD,"May 06, 2025",Rejected on 6 May,Fall 2025,American,,,,,
University College London,Economics,PhD,"May 06, 2025",Rejected on 3 May,Fall 2025,International,,,,,Waitlisted on 06/03 -> Rejected on 03/05
Nova School of Business and Economics,Economics,PhD,"May 06, 2025",Rejected on 6 May,Fall 2025,International,,,,,
University of Western Ontario,Computer Science,Masters,"May 06, 2025",Accepted on 1 May,Fall 2025,International,GPA 3.3,,,,Course based MSc
CSU East Bay,Marriage And Family Therapy,Masters,"May 06, 2025",Rejected on 6 May,Fall 2025,American,,,,,"Applied early January. Heard absolutely nothing for nearly 5 months except for a text message mistake in late April stating I had two days left to accept my place. When I went to the portal, there was no offer. I followed up with the program and got a generic message letting me know it was a mistake. Got my rejection email a week later. Very poor communication and don’t recommend bothering unless you desperately want to go there. Thankfully already accepted elsewhere a month before."
Florida State University,Economics,PhD,"May 06, 2025",Rejected on 6 May,Fall 2025,American,,,,,
San Diego State University,Statistics,Masters,"May 06, 2025",Accepted on 10 Mar,Fall 2025,American,GPA 3.6,,,,
Texas Tech University Health Sciences Center,Clinical Rehabilitation Counseling,Masters,"May 06, 2025",Accepted on 6 May,Fall 2025,American,GPA 4.00,,,,
Northeastern University,Chemical Engineering,PhD,"May 06, 2025",Rejected on 3 May,Fall 2025,International,GPA 3.60,,,,
University of Toronto,Epidemiology,PhD,"May 06, 2025",Rejected on 5 May,Fall 2025,International,,,,,
Johns Hopkins University,Applied Biomedical Engineering,Masters,"May 06, 2025",Accepted on 6 May,Fall 2025,American,GPA 2.7,,,,"This is the Applied BME masters offered online. I had a 2.7 undergrad gpa, one year of research in undergrad. Took one week to get my acceptance."
Baylor College of Medicine,Neuroscience,PhD,"May 06, 2025",Accepted on 6 May,Fall 2025,American,GPA 3.6,,,,"Accepted from waitlist. Date is accurate, it was super late dont give up hope."
Central Michigan University,Media Arts,Masters,"May 06, 2025",Accepted on 14 Feb,Fall 2025,International,GPA 3.0,,,,
Pennsylvania University,Cinema Studies,PhD,"May 06, 2025",Rejected on 6 May,Fall 2025,International,,,,,They never sent me the results I had to call them myself to make sure
Ohio University,Film,MFA,"May 06, 2025",Wait listed on 21 Apr,Fall 2025,International,GPA 3.0,,,,I'm really hoping to hear back soon from them especially considering the fact that it's past commitment date already.
Rutgers University,Electrical And Computer Engineering,PhD,"May 06, 2025",Rejected on 6 May,Fall 2025,American,GPA 3.88,,,,"Kinda sad to be rejected from the school I spent 6 years at getting my undergrad and masters. Also another late decision, to the workforce I go."
Texas A&M University - College Station,Materials Science And Engineering,PhD,"May 06, 2025",Rejected on 5 May,Fall 2025,International,,,,,
Chapman University,Education,PhD,"May 06, 2025",Accepted on 5 May,Fall 2025,International,GPA 3.68,,,,Admitted with partial funding
Florida International University,Logistics Engineering,Masters,"May 06, 2025",Accepted on 5 May,Fall 2025,American,GPA 3.94,,,,
Ludwig Maximilian University of Munich (LMU),Economics,PhD,"May 06, 2025",Rejected on 6 May,Fall 2025,International,GRE 165,GRE V 146,GPA 3.90,,This cycle is complete rejection
Duke University,Design & Technology Innovation,Masters,"May 06, 2025",Accepted on 4 Apr,Fall 2025,International,GPA 3.50,,,,
University of Florida,Mathematics,PhD,"May 06, 2025",Rejected on 6 May,Fall 2025,International,,,,,email to check portal. bad experience
Yale University,Set Design,MFA,"May 06, 2025",Accepted on 28 Feb,Fall 2025,International,,,,,
Columbia University,Quantitative Methods in the Social Sciences,Masters,"May 06, 2025",Wait listed on 5 May,Fall 2025,International,GPA 3.0,,,,
Georgetown University,Bioinformatics,Masters,"May 06, 2025",Accepted on 15 Mar,Fall 2025,American,GPA 3.73,,,,
University of Utah,Mechanical Engineering,PhD,"May 06, 2025",Rejected on 5 May,Fall 2025,International,GPA 3.72,,,,
"University of California, Berkeley",Bioinformatics,Masters,"May 06, 2025",Accepted on 11 Apr,Fall 2025,American,GPA 3.73,,,,
Texas A&M University - College Station,Materials Science And Engineering,PhD,"May 05, 2025",Rejected on 5 May,Fall 2025,International,,,,,"10 publications (6 during application), BS GPA-3.59, MS GPA-3.87, 6 years relevant job experience"
University of Michigan,Earth and Environmental Sciences,PhD,"May 05, 2025",Rejected on 27 Mar,Fall 2025,International,GPA 3.30,,,,
University of Wisconsin - Madison,Geosciences,PhD,"May 05, 2025",Rejected on 13 Mar,Fall 2025,International,GPA 3.30,,,,
University of Minnesota,Civil Engineering,Masters,"May 05, 2025",Accepted on 5 May,Fall 2025,International,,,,,
University of British Columbia,"Human Development, Learning and Culture",Masters,"May 05, 2025",Accepted on 14 Mar,Fall 2025,International,GPA 3.7,,,,
University of Kansas,Physics And Astronomy,PhD,"May 05, 2025",Rejected on 25 Apr,Fall 2025,International,,,,,
University of Toronto,Cell and Molecular Biology,Masters,"May 05, 2025",Rejected on 1 May,Fall 2025,International,,,,,Domestic applicant
Georgia State University,Computer Science,Masters,"May 05, 2025",Accepted on 22 Jan,Fall 2025,International,GPA 3.6,,,,Came with a graduate teaching assistantship offer
Villanova University,English,Masters,"May 05, 2025",Accepted on 4 Apr,Fall 2024,American,GPA 3.85,,,,Accepted with full funding and stipend. Go Nova!
University of Windsor,Social Work,Masters,"May 05, 2025",Wait listed on 24 Mar,Spring 2025,International,,,,,
Worcester Polytechnic Institute,Biomedical Engineering,PhD,"May 05, 2025",Accepted on 9 Apr,Fall 2025,American,GPA 3.69,,,,
Rutgers University,Biomedical Engineering,PhD,"May 05, 2025",Rejected on 16 Apr,Fall 2025,American,GPA 3.69,,,,Rejected from the Ph.D. program but given acceptance to Master's program in the same letter.
CUNY Graduate Center,Social,Masters,"May 05, 2025",Accepted on 4 May,Fall 2025,American,GPA 3.31,,,,Notification email to check website
University of Alaska Fairbanks,Geology,Masters,"May 05, 2025",Rejected on 4 May,Fall 2025,American,GPA 4.0,,,,Flat out rejection. Only got a response after emailing asking for a status update a few days before. Exceptional undergrad marks with industry and teaching experience. Tough luck or no funding I guess.
Wilfrid Laurier University,social work,Masters,"May 04, 2025",Accepted on 4 Mar,Fall 2025,International,,,,,Got accepted to the Advanced Standing Full-Time MSW at WLU for Sept. 2025! Did anyone else get accepted?
Purdue University,Electrical And Computer Engineering,Masters,"May 04, 2025",Accepted on 25 Apr,Fall 2025,International,,,,,
Ryerson University,Computer Science,Masters,"May 04, 2025",Accepted on 4 May,Fall 2025,International,GPA 3.7,,,,
Ryerson University,Computer Science,Masters,"May 04, 2025",Accepted on 4 May,Fall 2025,International,GPA 2.7,,,,
Ryerson University,Computer Science,Masters,"May 04, 2025",Accepted on 4 May,Fall 2025,International,,,,,
Northwestern University,Biotechnology,Masters,"May 04, 2025",Accepted on 4 May,Fall 2025,International,GRE 336,GRE V 166,GRE AW 4.50,GPA 4.00,
Arizona State University,English,PhD,"May 04, 2025",Accepted on 2 May,Fall 2025,American,GPA 3.5,,,,"2a/0wl/2r/0p Accepted off the waitlist, wrapping up my first application cycle! No word about funding, but if I can nail that down, I will probably accept this offer. MA GPA 3.85; no pubs or GREs; 3-4 years of ugrad level teaching experience."
University of British Columbia,Computer Science,Masters,"May 04, 2025",Accepted on 4 May,Fall 2025,International,GPA 3.55,,,,
Sookmyung Women's University,Computer Science,Masters,"May 04, 2025",Accepted on 4 May,Fall 2025,International,GPA 3.55,,,,
Vanderbilt University,Mechanical Engineering,PhD,"May 03, 2025",Rejected on 3 May,Fall 2025,International,GPA 3.91,,,,No interview. Grad co told me to secure professors to get admitted. I mailed 2/3 professors but didn't get any reply.
New York University,Data Science,Masters,"May 03, 2025",Accepted on 2 May,Fall 2025,International,GPA 3.5,,,,"No GREs, 1 extensive research experience, 2 internships, decent SOP"
Columbia,Social Work,Masters,"May 03, 2025",Accepted on 2 May,Fall 2025,American,GPA 3.8,,,,"Graduating with BA in Social Welfare from Berkeley, 3 years full-time hospice experience. Application finished Feb 15th. Won't be able to make a decision till I find out the financial package which hopefully comes soon considering they need a decision by May 31. Was also accepted to University of Washington, Seattle campus, in-person program. Some of the reviews of the online MSW at Columbia give me pause, but it always feels nice to get a yes."
King Abdullah University of Science and Technology,Bioengineering,Masters,"May 03, 2025",Accepted on 28 Apr,Fall 2025,International,GPA 3.89,,,,"Bioinformatics and Machine Learning Specialisation. 

Applied 25/9, interviewed on 04/02."
Paris School Of Economics (PSE),Economics (PPD),Masters,"May 03, 2025",Wait listed on 2 May,Fall 2025,American,GRE 157,GRE V 154,GRE AW 4.00,GPA 3.80,Waitlisted for PPD. Did not submit GRE
Texas State University,Electrical Engineering,Masters,"May 03, 2025",Accepted on 5 Mar,Fall 2024,International,GRE 303,GPA 3.33,,,"IELTS 7.5, speaking 6.5. 
Publication 1 conference paper"
University of Illinois Urbana-Champaign,Political Science,PhD,"May 03, 2025",Rejected on 2 May,Fall 2025,International,,,,,
Northwestern University,Clinical Mental Health Counseling,Masters,"May 03, 2025",Accepted on 27 Apr,Spring 2025,American,GPA 3.96,,,,
University of Toledo,Physics,PhD,"May 03, 2025",Rejected on 3 May,Fall 2025,International,GPA 3.4,,,,
"University of Maryland, College Park",Mechanical Engineering,PhD,"May 03, 2025",Rejected on 3 May,Fall 2025,International,GPA 3.8,,,,
University of South Alabama,Clinical Psychology,PhD,"May 03, 2025",Rejected on 30 Apr,Fall 2025,American,GPA 3.97,,,,"I got an email with the standard ""we had many applicants, you were not admitted, best of luck"" text. This is the latest notification I got from any of my schools. Applying to this program felt like a rollercoaster, because I was not given updates until I reached out and there was confusion of if my application was actually reviewed (it was now)."
University of Southern California,Electrical Engineering,Masters,"May 03, 2025",Accepted on 3 May,Fall 2025,International,GPA 3.3,,,,
State University of New York at Oswego,School Psychology,Masters,"May 03, 2025",Rejected on 2 May,Fall 2025,American,GPA 3.7,,,,"4 years experience working with disabled children
Top 5% graduating class"
National University of Singapore,Computing,Masters,"May 03, 2025",Accepted on 10 Apr,Fall 2025,International,GPA 3.97,,,,Anyone who got admit into Mcomp AI in NUS pls dm in reddit u/That_Paramedic_8741
University of Toronto,Statistics,Masters,"May 03, 2025",Accepted on 2 May,Fall 2025,International,,,,,
Carnegie Mellon University,entertainment technology,Masters,"May 03, 2025",Accepted on 25 Mar,Fall 2025,International,,,,,
University of Alabama at Birmingham,Physics,PhD,"May 03, 2025",Rejected on 3 May,Fall 2025,International,GPA 3.32,,,,"MSc 3.25, IELTS 7.0, Papers 3. I was very interested in this university. Deliberately emailed the professors, but there was no reply. Now I am just sad."
University of Oxford,Quantum Technologies,Masters,"May 03, 2025",Accepted on 2 May,Fall 2025,International,,,,,"Interviewed in mid-March. UK student, predicted 1st class honours"
Universidad de Murcia,Logistics Management,Masters,"May 03, 2025",Accepted on 3 May,Fall 2025,International,,,,,
New York University,Philosophy,PhD,"May 03, 2025",Accepted on 3 May,Fall 2025,International,,,,,Never worked a real job or tried gettng one. Got no charm and live my life outta T-shirt I dnt wash for 5 days and ramen noodles with too much SALT
New York University,Philosophy,PhD,"May 03, 2025",Accepted on 3 May,Fall 2025,International,,,,,"I am so fcking worthless. My Oxford degree and parents money are the only things I got, being a 4 year old teenager doing a 6 yr PhD with full funding for all 6 yrs. I am SO SPECIAL!"
"New York University, Abu Dhabi",Philosophy,PhD,"May 03, 2025",Accepted on 3 May,Fall 2025,International,,,,,I am the loser undergrad from Oxford with first class honours in Phil. Got wrecked in my PhD admissions this cycle until the genius nyu ad committee saw my divine degree and jumped off their tables to give me an offer
New York University,Philosophy,PhD,"May 03, 2025",Rejected on 3 May,Fall 2025,International,,,,,I FEEL LIKE THROWING A WINE GLASS AT AN OXFORD POS PHILOSOPHER
"University of California, Santa Barbara",Statistics,PhD,"May 03, 2025",Rejected on 28 Apr,Fall 2025,International,,,,,
Southeast Missouri State University,Communication Sciences And Disorders,Masters,"May 02, 2025",Accepted on 14 Apr,Fall 2025,American,GPA 3.36,,,,Was waitlisted in March and was accepted April 14th for summer start 2025!
Arizona State University,English,PhD,"May 02, 2025",Rejected on 2 May,Fall 2025,International,,,,,initially waitlisted on Feb 8th
America Evangelical University,Economics,Masters,"May 02, 2025",Rejected on 2 May,Fall 2025,International,,,,,F you america
New York University,Philosophy,PhD,"May 02, 2025",Rejected on 2 May,Fall 2025,International,,,,,F you nyu. I hope the morons who get admitted make the dumb and oblivious Phil community shine. I also hope someday they lose all funding. Can’t wait for my disowned sibling to get deported after he loses the lottery
Tufts University,Public Health,Masters,"May 02, 2025",Accepted on 2 May,Fall 2025,American,,,,,Online program. 2 week turnaround from the time I submitted app and rec's.
Northeastern University,Bioengineering,PhD,"May 02, 2025",Rejected on 2 May,Fall 2025,American,GPA 3.88,,,,Took forever to reject me but this was a long shot of an application anyways.
St.John's University,Clinical Mental Health Counseling,Masters,"May 02, 2025",Interview on 30 Apr,Fall 2025,American,GPA 3.70,,,,I was invited to a virtual group interview. Anxiously waiting for a response!
Columbia University,Finance,PhD,"May 02, 2025",Rejected on 2 May,Fall 2025,International,GPA 4.0,,,,
"University of California, Irvine",Informatics,PhD,"May 02, 2025",Rejected on 29 Apr,Fall 2025,International,,,,,"Got to know about the rejection so late (almost May) via a generic email. No interview/communication after application submission. Hoped to get admission, or at least a rejection ahead of time. Sigh!"
Ohio State University - Columbus,Computer Science,Masters,"May 02, 2025",Accepted on 1 May,Fall 2025,International,GPA 3.82,,,,
Paris School of Economics,Economics,Masters,"May 02, 2025",Accepted on 30 Apr,Fall 2025,International,,,,,
University of Arkansas,Finance,PhD,"May 02, 2025",Rejected on 2 May,Fall 2025,International,,,,,
Georgia Institute of Technology,Computer Science,Masters,"May 02, 2025",Accepted on 2 May,Fall 2025,American,GPA 3.86,,,,OMSCS. Did not apply early decision.
University of Maryland,Computer Science,PhD,"May 02, 2025",Rejected on 2 May,Fall 2025,American,GPA 4.00,,,,
The University of British Columbia,Computer Science,Masters,"May 02, 2025",Rejected on 1 May,Fall 2025,International,,,,,"International applicant, IELTS 7.5, Class rank: 1st, Research interest: NLP and GenAI, received a generic rejection Email.
UBC was my main choice, maybe next year..."
University of Strathclyde,Pharmaceutical Science,PhD,"May 02, 2025",Accepted on 15 Nov,Spring 2025,International,GRE 305,GRE V 149,GPA 3.50,,"This is one of the best programs in the world, and I had the honour to be offered a part of it. Professor management is the main thing. My profile at the time of application:

- GPA: 3.5 (B.Pharm) & 3.7 (MS in Biochemistry & Molecular Biology)
- Publications: 8 (i.e., Original & Review)
- 1 Internship & 6 months of professional experience"
Stevens Institute of Technology,Pharmaceutical Sciences,Masters,"May 02, 2025",Accepted on 15 Jan,Fall 2024,International,GRE 305,GRE V 149,GPA 3.50,,"This is a professional program offered at the heart of NY. The term is Fall-21. 

My profile at the time of application:

- GPA: 3.50
- GRE: 305
- 2 publications
- 1 Internship"
Purdue University Fort Wayne,Biological Sciences,Masters,"May 02, 2025",Accepted on 30 Oct,Spring 2025,International,GRE 305,GRE V 149,GPA 3.58,,"This is a well-renowned MS program in biological sciences with a strong emphasis on ecological & wildlife research. A great fit for the enthusiast eager to build a career in industry. 

My profile at the time of admission:
- GPA: 3.58
- GRE: 305
- Publications: 8 (i.e.: Original & Reviews)
- 1 year of professional experience and 1 internship experience in the USA & foreign land."
University of Texas Rio Grande Valley,Biochemistry and Molecular Biology,Masters,"May 02, 2025",Accepted on 15 Jan,Fall 2024,International,GRE 305,GRE V 149,GPA 3.50,,"One of the few universities that had offered full financial support at the time, a great balance between research and professionalism. I am referring to the Fall 21 (i.e., due to the limitation of the admission term selection, I have no other option other than mentioning the most convenient one among the available options). 

My profile at the time of admission:
GPA: 3.50
GRE: 305 (Verbals: 149)
2 Research publications (i.e.: Reviews)"
South Dakota State University,Biology & Microbiology,PhD,"May 02, 2025",Accepted on 15 Feb,Fall 2024,International,GRE 305,GRE V 149,GPA 3.70,,"A good GPA and professor management are the mantras to manage an admission in this offered program.

My profile at the time of application:

- GPA: 3.7 (MS)
- GRE: 305
- Publications: 6 (original and review)
- Peer-Reviewing experience"
"University of Maryland, College Park",Computer Science,PhD,"May 02, 2025",Rejected on 2 May,Fall 2025,International,GPA 3.90,,,,
"University of Maryland, College Park",Computer Science,PhD,"May 02, 2025",Rejected on 2 May,Fall 2025,International,,,,,
University of Toronto,Electrical And Computer Engineering,Masters,"May 02, 2025",Wait listed on 2 May,Fall 2025,International,,,,,Has anyone received admission decision from the UofT for MEng in ECE Department for Fall 2025?
New York University,Mathematics,Masters,"May 01, 2025",Accepted on 30 Apr,Fall 2025,International,GPA 4.00,,,,They rejected my PhD and offered me a master's position instead.
Vellore Institute of Technology,Computer Science,Masters,"May 01, 2025",Wait listed on 1 May,Fall 2025,International,GRE 155,GRE V 156,GRE AW 4,GPA 3.27,
Fordham University,Philosophy,PhD,"May 01, 2025",Accepted on 1 May,Fall 2025,American,,,,,
University of British Columbia,Mechanical Engineering,Masters,"May 01, 2025",Rejected on 1 May,Fall 2025,International,GPA 3.7,,,,
University of Nebraska at Lincoln,Statistics,PhD,"May 01, 2025",Accepted on 27 Mar,Fall 2025,International,GPA 3.68,,,,Please who has gotten assistantship
The University of Texas at Austin,Materials Science And Engineering,PhD,"May 01, 2025",Rejected on 1 May,Fall 2025,International,,,,,
Brown University,Biotechnology,Masters,"May 01, 2025",Wait listed on 26 Apr,Fall 2025,American,GPA 3.60,,,,
University of Pennsylvania,Biotechnology,Masters,"May 01, 2025",Rejected on 25 Apr,Fall 2025,American,GPA 3.60,,,,
George Mason University,Bioinformatics,Masters,"May 01, 2025",Accepted on 27 Apr,Fall 2025,American,GPA 3.60,,,,
Northeastern University,Bioinformatics,Masters,"May 01, 2025",Accepted on 1 May,Fall 2025,American,GPA 3.60,,,,
University of Pittsburgh,Computational Biomedicine and Biotechnology,Masters,"May 01, 2025",Accepted on 17 Apr,Fall 2025,American,GPA 3.60,,,,
Miami University of Ohio,English,Masters,"May 01, 2025",Rejected on 1 May,Fall 2025,American,,,,,
The University of Texas at Austin,Materials Science And Engineering,PhD,"May 01, 2025",Rejected on 1 May,Fall 2025,International,,,,,"10 publications (6 during application), BS GPA-3.59, MS GPA-3.87, 6 years relevant job experience"
University of Connecticut,Materials Science And Engineering,PhD,"May 01, 2025",Rejected on 30 Apr,Fall 2025,International,,,,,"10 publications (6 during application), BS GPA-3.59, MS GPA-3.87, 6 years relevant job experience"
Rensselaer Polytechnic Institute,Mechanical Engineering,PhD,"May 01, 2025",Rejected on 30 Mar,Fall 2025,International,GPA 3.91,,,,No Interview.
University of Connecticut,Materials Science And Engineering,PhD,"May 01, 2025",Rejected on 30 Apr,Fall 2025,International,GPA 3.91,,,,No Interview.
Carnegie Mellon University,Mechanical Engineering,PhD,"May 01, 2025",Rejected on 30 Apr,Fall 2025,International,GPA 3.91,,,,"No interview. They mailed initially on 14th April to wait until 30th April. At last, they rejected it. MS CGPA 4/4."
University of Oklahoma,Social Work,Masters,"May 01, 2025",Accepted on 25 Apr,Fall 2025,American,,,,,
Purdue University,Aerospace Engineering,Masters,"May 01, 2025",Accepted on 1 May,Fall 2025,American,,,,,
University of Southern California,Applied Psychology,Masters,"May 01, 2025",Accepted on 4 Feb,Fall 2025,American,GPA 4.0,,,,
Université Paris-Saclay,Physics,Masters,"May 01, 2025",Accepted on 22 Apr,Fall 2025,International,GPA 3.90,,,,M1 - General Physics. Declined due to other offers at hand.
uic,Mechanical Engineering,PhD,"May 01, 2025",Wait listed on 1 May,Fall 2025,International,,,,,Ignore the status. Has anybody heard from UIC or they just ignoring me? Do you know when they're gonna release the results?
University of Leeds,Economics,PhD,"May 01, 2025",Rejected on 1 May,Fall 2025,International,,,,,
University of Western Ontario,Computer Science,Masters,"May 01, 2025",Rejected on 30 Apr,Fall 2025,International,GPA 3.81,,,,1 Research Publication + 1 Year Professional Experience.
University of Saskatchewan,Computer Science,Masters,"May 01, 2025",Rejected on 1 May,Fall 2025,International,GPA 3.81,,,,
University of Southern California,Slavic Languages And Literatures,PhD,"May 01, 2025",Rejected on 17 Apr,Fall 2025,International,,,,,
Northwestern University,Slavic Languages And Literatures,PhD,"May 01, 2025",Rejected on 30 Apr,Fall 2025,International,,,,,
University of Connecticut,Materials Science And Engineering,PhD,"May 01, 2025",Rejected on 1 May,Fall 2025,International,GPA 3.60,,,,
"University of Tennessee, Knoxville",Mechanical Engineering,PhD,"May 01, 2025",Rejected on 29 Apr,Fall 2025,International,GPA 3.7,,,,
Eastern Michigan University,Romance Languages and Literature,Masters,"May 01, 2025",Rejected on 1 May,Fall 2025,American,,,,,During interview I showed up ready for romance in nothing but a party boy outfit but I guess it was different romance.
University of Connecticut,Materials Science And Engineering,PhD,"April 30, 2025",Rejected on 30 Apr,Fall 2025,International,GPA 3.57,,,,Sad
University of Toronto,Statistics,Masters,"April 30, 2025",Accepted on 9 Apr,Fall 2025,International,GPA 3.75,,,,"MSc in Statistics, Part-Time Admission. (Course-based)"
Northeastern University,Biomedical Science,PhD,"April 30, 2025",Rejected on 30 Apr,Fall 2025,International,,,,,
University of Pennsylvania,Professional Counseling,Masters,"April 30, 2025",Wait listed on 12 Mar,Fall 2025,International,,,,,
George Washington University,American Studies,PhD,"April 30, 2025",Wait listed on 30 Apr,Fall 2025,American,,,,,Ignore result. Has anyone heard anything from GW American Studies?
University of Pennsylvania,Bioengineering,Masters,"April 30, 2025",Wait listed on 1 Apr,Fall 2025,American,,,,,
Ball State University,Clinical Psychology,Masters,"April 30, 2025",Accepted on 30 Apr,Fall 2025,American,GPA 3.37,,,,
New York University,Psychology,Masters,"April 30, 2025",Accepted on 24 Apr,Fall 2025,American,GPA 3.37,,,,"Didn't take the GRE, involved in 2 research labs, presented 1 poster, 3 strong letters of recommendation from Psychology PhD professors I worked with in undergrad."
Rensselaer Polytechnic Institute,Geology,PhD,"April 30, 2025",Rejected on 30 Apr,Fall 2025,American,,,,,Only took them til April 30th to let me know....
Montclair State University,Clinical Psychology,Masters,"April 30, 2025",Accepted on 23 Apr,Fall 2025,American,GPA 3.80,,,,Concentration in Forensic Psychology
Carnegie Mellon University,Mechanical Engineering,PhD,"April 30, 2025",Rejected on 30 Apr,Fall 2025,American,,,,,"MS from a top robotics program, 3.9 GPA, one paper published (not first author) with more on the way (first author), and great recommendations. There's always next year."
Syracuse University,Physics,PhD,"April 30, 2025",Rejected on 30 Apr,Fall 2025,International,,,,,How hard it is to inform about the decisions timely
3rd Military Medical University,English,Masters,"April 30, 2025",Rejected on 30 Apr,Fall 2025,American,,,,,
Carnegie Mellon University,Mechanical Engineering,PhD,"April 30, 2025",Rejected on 30 Apr,Fall 2025,American,GPA 4.00,,,,"GPA is for M.S., one conference publication and 2 years of research experience in 2 different labs"
Carnegie Mellon University,Mechanical Engineering,PhD,"April 30, 2025",Rejected on 30 Apr,Fall 2025,International,GPA 3.52,,,,Would they really have to wait for April 30.
Rutgers University,Computer Science,PhD,"April 30, 2025",Rejected on 29 Apr,Fall 2025,International,,,,,
"University of California, Irvine",Civil And Environmental Engineering,PhD,"April 30, 2025",Rejected on 29 Apr,Fall 2025,International,,,,,"transportation engineering, travel behavior"
Stony Brook University,Biomedical Engineering,PhD,"April 30, 2025",Accepted on 17 Feb,Fall 2025,International,,,,,International student got BS and MS degree from USA. The only one acceptance out of my 15 applications. This is the hardest year ever for real!!!!
Cornell University,Food Science,Masters,"April 30, 2025",Accepted on 8 Apr,Fall 2025,International,GPA 3.99,,,,
University of Toronto,Computer Science,Masters,"April 30, 2025",Rejected on 24 Apr,Fall 2025,International,GPA 3.94,,,,"Undergrad from UofT, Domestic applicant, 1 publication, various research experiences throughout undergrad"
University of Utah,Computer Science,PhD,"April 29, 2025",Rejected on 25 Apr,Fall 2025,International,GPA 3.90,,,,
Brandeis University,Computer Science,PhD,"April 29, 2025",Rejected on 28 Apr,Fall 2025,International,GPA 3.90,,,,
University of Texas at Arlington,Computer Science,PhD,"April 29, 2025",Accepted on 29 Apr,Fall 2025,International,GPA 3.90,,,,
NYU Tandon School of Engineering,Electrical Engineering,Masters,"April 29, 2025",Accepted on 28 Mar,Fall 2025,International,,,,,
Columbia University,Social Work,Masters,"April 29, 2025",Accepted on 29 Apr,Fall 2025,American,,,,,
"University of California, Irvine",Computer Science,PhD,"April 29, 2025",Rejected on 29 Apr,Fall 2025,International,,,,,
Stony Brook University,Applied Mathematics and Statistics,PhD,"April 29, 2025",Accepted on 6 Mar,Fall 2025,International,GPA 3.83,,,,
Rutgers University,Social Psychology,PhD,"April 29, 2025",Rejected on 29 Apr,Fall 2025,American,GPA 3.60,,,,"Just a solid 2 weeks after April 15th, they sent me an email that a decision had been made. Checked the portal and...the dreaded one sentence rejection.
Undergrad GPA: 3.6, Grad GPA: 4.0."
San Francisco State University,Clinical Mental Health Counseling,Masters,"April 29, 2025",Accepted on 28 Apr,Fall 2025,American,,,,,"Waitlisted on 4/4/25. Sent a letter of continued interest about a week later and was told all spots were full, but that I was welcome to stay on the waitlist until June 30th. Received a call on 4/28/25 that I had been selected for admission :) Waitlist communication was by email; acceptance was by phone."
University of North Carolina at Chapel Hill,Linguistics,Masters,"April 29, 2025",Accepted on 29 Apr,Fall 2025,American,GPA 3.50,,,,Took them FOREVER to get back to me but I finally got the decision email! Waiting to hear back about any financial aid.
University of Toronto,"Drama, Theater and Performance Studies",PhD,"April 29, 2025",Wait listed on 28 Apr,Fall 2025,International,GPA 3.90,,,,"I submited a very late application to a program with rolling admissions, so I thought for-sure it was a ¨no¨by now....as in, offers were being sent before i even got my app in. I emailed to confirm, and the cohort apparently hasn´t been finalized yet, so there´s still hope. Fingers crossed!"
Stanford University,Physics,PhD,"April 29, 2025",Rejected on 29 Apr,Fall 2025,International,GPA 4.00,,,,Bhai sahab mai to mar gyi
Oklahoma State University,Geology,Masters,"April 29, 2025",Accepted on 29 Apr,Fall 2025,American,,,,,
University of Michigan - Dearborn,Clinical Psychology,Masters,"April 29, 2025",Wait listed on 12 Apr,Fall 2025,American,,,,,Has anyone heard back?
University of Maine,Electrical And Computer Engineering,PhD,"April 29, 2025",Rejected on 29 Apr,Fall 2025,International,GPA 3.50,,,,I checked the portal. No notification by email.
3rd Military Medical University,English,Masters,"April 29, 2025",Accepted on 6 Mar,Fall 2025,International,,,,,The world and have fun with
Plymouth State University,School Psychology,Other,"April 29, 2025",Accepted on 29 Apr,Fall 2025,American,GPA 2.40,,,,Ed.S.
University of Alabama at Tuscaloosa,Chemistry,PhD,"April 29, 2025",Rejected on 29 Apr,Fall 2025,International,GPA 3.54,,,,
Arizona State University,Applied Mathematics,PhD,"April 29, 2025",Accepted on 16 Apr,Fall 2025,American,,,,,"27k TAship, 5K Fellowship, I have accepted this offer. 2a/8r/1p"
West Virginia University,Chemical Engineering,PhD,"April 29, 2025",Rejected on 29 Apr,Fall 2025,International,GPA 3.54,,,,
Stony Brook University,Chemical Engineering,PhD,"April 29, 2025",Accepted on 29 Apr,Fall 2025,International,GPA 3.54,,,,
Florida Atlantic University,Supply Chain Management,Masters,"April 29, 2025",Accepted on 28 Apr,Fall 2025,American,GPA 3.94,,,,
York University,Communication Studies,PhD,"April 29, 2025",Rejected on 29 Apr,Fall 2025,International,,,,,"Domestic student applied to the Communication and Culture Program, checked the portal and saw that I was rejected, annoyed that it took them so long to make a decision especially since I think it was a good fit"
University of South Carolina,Library And Information Science,Masters,"April 29, 2025",Accepted on 29 Apr,Fall 2025,American,GPA 3.85,,,,Applied exactly 2 weeks and 1 day ago. Email Notification with Decision Letter.
University of Helsinki,Computer Science,Masters,"April 29, 2025",Accepted on 28 Apr,Fall 2025,International,GPA 3.40,,,,"EU Citizen, AMK Bachelor's in Finland"
Hubei University,International Economics,Masters,"April 29, 2025",Accepted on 29 Apr,Fall 2025,International,GPA 3.30,,,,
Nanyang Technological University,Materials Science And Engineering,PhD,"April 29, 2025",Accepted on 17 Feb,Fall 2025,International,GPA 3.90,,,,
Scripps Institution of Oceanography/UCSD,Biological Oceanography,Masters,"April 29, 2025",Accepted on 29 Apr,Fall 2025,American,GPA 3.85,,,,
NYU Tandon School of Engineering,Computer Science,Masters,"April 29, 2025",Accepted on 4 Apr,Fall 2025,International,GRE 323,GPA 3.36,,,
"University of California, Irvine",Informatics,PhD,"April 29, 2025",Rejected on 29 Apr,Fall 2025,International,,,,,"I don't even care about the results now, but sending out PhD results in May is never decent.  
Show some respect to the applicants who worked hard and waited so long. Shame on you, UCI."
North Carolina State University,Texile Engineering,Masters,"April 29, 2025",Accepted on 11 Mar,Fall 2025,International,GRE 309,GRE V 150,GRE AW 3.50,GPA 3.05,"Accepted, but no funding decisions yet."
Northwestern University,Statistics and Data Science,Masters,"April 29, 2025",Accepted on 23 Apr,Fall 2025,International,GPA 3.55,,,,"GRE X, TOFEL 95, several years of work experience"
Colorado School of Mines,Materials Science,PhD,"April 28, 2025",Rejected on 28 Apr,Fall 2025,International,GPA 3.57,,,,Rejected for PhD. Given a MS non thesis option. Gonna discuss with them about it. Lets see
Lehigh University,Earth & Environmental Sciences,Masters,"April 28, 2025",Accepted on 2 Apr,Fall 2025,American,GPA 3.99,,,,I accepted the offer and will be attending in the fall!!
University of Illinois Urbana-Champaign,Earth Science and Environmental Change,Masters,"April 28, 2025",Accepted on 24 Jan,Fall 2025,American,GPA 3.99,,,,"I was accepted but ultimately decided to decline the offer in favor of another one. If you are accepted here for their geology program, I highly recommend giving it some serious thought—from my experience visiting, the program and professors are top-notch."
University of Washington,Earth and Space Sciences,Masters,"April 28, 2025",Rejected on 15 Apr,Fall 2025,American,GPA 3.99,,,,My dream program... I am heartbroken.
Virginia Tech,Geosciences,Masters,"April 28, 2025",Rejected on 11 Apr,Fall 2025,American,GPA 3.99,,,,
Villanova University,Psychology,Masters,"April 28, 2025",Wait listed on 25 Apr,Fall 2025,International,GRE 164,GRE V 166,GRE AW 5.00,GPA 3.60,"They asked me to send a continued interest email, which I did. In the reply they mentioned that I'll hear back by the end of May or early June."
University of California (UCSD),Geosciences,Masters,"April 28, 2025",Rejected on 2 Apr,Fall 2025,American,GPA 3.99,,,,
Stony Brook University,Contemporary Asian & Asian American Studies,Masters,"April 28, 2025",Accepted on 15 Apr,Fall 2025,American,GPA 3.71,,,,Accepted with no funding :(
Carnegie Mellon University,Electrical And Computer Engineering,PhD,"April 28, 2025",Rejected on 28 Apr,Fall 2025,International,,,,,No interview
University of South Carolina,Comparative Literature,PhD,"April 28, 2025",Wait listed on 5 Mar,Fall 2025,American,,,,,
University of Tennessee,Romance Languages and Literatures,PhD,"April 28, 2025",Accepted on 22 Mar,Fall 2025,American,,,,,
University of Georgia,Romance Languages and Literatures,PhD,"April 28, 2025",Accepted on 6 Feb,Fall 2025,American,GRE V 167,GPA 3.82,,,
University of Michigan - Ann Arbor,Romance Languages and Literatures,PhD,"April 28, 2025",Rejected on 17 Jan,Fall 2025,American,GRE V 167,GPA 3.82,,,
University of Illinois Urbana-Champaign,Comparative Literature,PhD,"April 28, 2025",Rejected on 28 Apr,Fall 2025,American,GRE V 167,GPA 3.82,,,"I only received a rejection notification after emailing the program today and requesting a refund for my application, which appeared to have been ignored. Has anyone else applied to this program? Did you receive news in a timely manner? I am very frustrated with this program and would still like my money back for the application."
University of Pennsylvania,Electrical Engineering,Masters,"April 28, 2025",Wait listed on 1 Apr,Fall 2025,American,GPA 3.80,,,,
Columbia University,Computer Engineering,Masters,"April 28, 2025",Wait listed on 27 Apr,Fall 2025,American,GPA 3.80,,,,
University of Texas at Tyler,Clinical Psychology,PhD,"April 28, 2025",Accepted on 14 Apr,Fall 2025,American,GPA 4.00,,,,2 post bacc jobs; one undergrad publication as first author
Columbia University,English and Comparative Literature,Masters,"April 28, 2025",Rejected on 28 Apr,Fall 2025,American,,,,,
Columbia University,English and Comparative Literature,Masters,"April 28, 2025",Rejected on 28 Apr,Fall 2025,International,,,,,
Columbia University,English and Comparative Literature,Masters,"April 28, 2025",Rejected on 28 Apr,Fall 2025,American,GPA 3.70,,,,"emailed notification to check portal, subject line “Important: Columbia GSAS Admissions Decision”"
Carnegie Mellon University,Electrical And Computer Engineering,PhD,"April 28, 2025",Rejected on 28 Apr,Fall 2025,American,GPA 3.70,,,,
"University of California, Davis",Physics,PhD,"April 28, 2025",Rejected on 21 Apr,Fall 2025,International,GPA 3.81,,,,My last application for the US I heard back from.
University of California (UCSB),Physics,PhD,"April 28, 2025",Rejected on 21 Apr,Fall 2025,International,GPA 3.81,,,,hep-th
Rutgers University,Social Work,Masters,"April 28, 2025",Accepted on 23 Apr,Fall 2025,American,GPA 3.97,,,,Appled 4/16. Final recommendation went through on 4/21. Accepted on 4/23.
University of Pittsburgh,Information Science,PhD,"April 28, 2025",Rejected on 28 Apr,Fall 2025,International,,,,,
University of Michigan - Ann Arbor,Electrical Engineering,Masters,"April 28, 2025",Rejected on 21 Apr,Fall 2025,International,GPA 3.55,,,,
North Carolina State University,Electrical And Computer Engineering,Masters,"April 28, 2025",Accepted on 21 Apr,Fall 2025,International,GPA 3.55,,,,
Santa Clara University,Electrical And Computer Engineering,Masters,"April 28, 2025",Accepted on 21 Apr,Fall 2025,International,GPA 3.55,,,,
Columbia,Computer Science,Masters,"April 28, 2025",Rejected on 28 Apr,Fall 2025,American,GPA 3.60,,,,Updated in portal. No email.
Michigan State University,Computer Science,PhD,"April 28, 2025",Rejected on 28 Apr,Fall 2025,International,GRE 165,GRE V 157,GRE AW 4.00,GPA 3.43,
University of Birmingham,Artificial Intelligence Implementation (Healthcare),Masters,"April 28, 2025",Accepted on 14 Apr,Fall 2025,International,GPA 3.60,,,,IELTS 7.5
"University of Maryland, College Park",Environmental Engineering,PhD,"April 28, 2025",Rejected on 27 Apr,Fall 2025,International,GPA 3.85,,,,
Columbia College,Applied Physics,PhD,"April 28, 2025",Rejected on 27 Apr,Fall 2025,American,,,,,
Georgia Institute of Technology,Computer Science,Masters,"April 28, 2025",Rejected on 5 Apr,Fall 2025,International,GRE 330,GRE V 160,GRE AW 4.50,GPA 7.80,Feels like this year's GATech was wild ride.
Simon Fraser University,Gender Studies,Masters,"April 28, 2025",Accepted on 22 Apr,Fall 2025,International,GPA 3.58,,,,
University of Massachusetts,Biostatistics,PhD,"April 28, 2025",Rejected on 28 Apr,Fall 2025,American,,,,,
University of Houston,Physics,PhD,"April 28, 2025",Rejected on 25 Apr,Fall 2025,International,GPA 3.32,,,,"I was interviewed on 3 April by two Chinese professors. One of them (the senior and very aged one) asked a lot of theoretical questions, but I didn't understand his accent, as it was a pure Chinese English accent. Even after he repeated a question for the fourth time, I replied I don't know, though I didn't understand his question.  The interview was around 45 minutes. It was my first interview, and I was just as nervous. After 22 long days of quietness, they replied, ""No."" I am sad. 
IELTS 7.0; Papers 3; No GRE, Centrally applied, BSc 3.32, MSc 3.25."
"University of California, Berkeley",Electrical Engineering and Computer Science,Masters,"April 28, 2025",Rejected on 23 Apr,Fall 2025,American,,,,,"Meng EECS rejected, 4.0 major GPA 3.5 cumulative, strong letters of recommendations and 4.0 was from last two years, f berkeley. Turned in writing samples and all, I suppose not having a research paper hurt."
North Carolina State University,Horticulture,Masters,"April 28, 2025",Accepted on 24 Apr,Fall 2025,American,GPA 3.39,,,,
TU Dortmund,Physics,Masters,"April 28, 2025",Accepted on 2 Apr,Fall 2025,International,GPA 3.90,,,,"Erasmus Mundus Joint Master - Advanced Methods in Particle Physics (IMAPP), with full Erasmus scholarship."
"University of California, Riverside",Computer Science,PhD,"April 27, 2025",Rejected on 21 Apr,Fall 2025,International,GPA 3.96,,,,
NYU Tandon School of Engineering,Computer Science,PhD,"April 27, 2025",Rejected on 20 Apr,Fall 2025,International,GPA 3.96,,,,
University of Utah,Computer Science,PhD,"April 27, 2025",Rejected on 25 Apr,Fall 2025,American,GPA 4.00,,,,
Mississippi University for Women,Speech Language Pathology,Masters,"April 27, 2025",Rejected on 22 Apr,Fall 2025,American,GPA 3.87,,,,GRE 300 out of state applicant. gpa 3.87 no NSSLHA membership. Lots of experience in ABA/geriatrics.
Ohio State University,Statistics,PhD,"April 27, 2025",Rejected on 25 Apr,Fall 2025,International,GPA 4.00,,,,
University of Georgia,Statistics,PhD,"April 27, 2025",Rejected on 24 Apr,Fall 2025,International,GPA 4.00,,,,"Reached to director on Mar and he said I was in top of waitlist, what can I say?"
Western Kentucky University,Speech Language Pathology,Masters,"April 27, 2025",Accepted on 11 Apr,Fall 2025,American,,,,,
Columbia University,Data Science,Masters,"April 27, 2025",Rejected on 27 Apr,Fall 2025,American,,,,,I guess it’s over now. That wraps up fall 2025 application cycle.
University at Buffalo,Biotechnology,Masters,"April 27, 2025",Accepted on 1 Apr,Fall 2024,International,GPA 3.40,,,,Was previously an undergrad at UB in same program. Got a TA assitantship to cover all costs
Columbia University,Electrical Engineering,Masters,"April 27, 2025",Rejected on 27 Apr,Fall 2025,International,,,,,"strung me along until the last possible second, i guess they were too busy corroborating with ICE"
Columbia University,Applied Physics,PhD,"April 27, 2025",Rejected on 27 Apr,Fall 2025,American,,,,,
California College of the Arts,Interaction Design,Other,"April 27, 2025",Rejected on 26 Apr,Fall 2025,International,GPA 3.98,,,,"HAHAHAHA. Okay, I'm going to RISD anyway. But it's kind of funny."
University of Edinburgh,Natural Language Processing,PhD,"April 27, 2025",Accepted on 25 Apr,Fall 2025,International,,,,,Got accepted to ILCC 3 years PhD program
Johns Hopkins University,Business Administration,MBA,"April 27, 2025",Accepted on 27 Oct,Spring 2025,American,GPA 3.84,,,,
University of Utah,Computer Science,PhD,"April 27, 2025",Rejected on 25 Apr,Fall 2025,International,,,,,
Miami University of Ohio,Biology,PhD,"April 27, 2025",Rejected on 16 Apr,Fall 2025,International,,,,,"I had to mail and ask. A professor agreed to host me for my phd, we exchanged a lot of emails and invited me to apply. Suddenly a month after application submission, he stopped all sorts of communications. As the general deadline was over I emailed grad school, who replied that I had no prior communications with any professor, so they cant consider me for this season. I have a better position though as of now, and am still waiting for a waitlist decision. A tough year to be honest."
Rice University,Mechanical Engineering,PhD,"April 27, 2025",Rejected on 24 Apr,Fall 2025,International,,,,,"One of the professors interviewed me whose research direction aligns with my current research, which actually made me confident to apply here. I even met him in person at IMECE 2024. I knew it would be hard to get in here because there are so few seats (not because your profile isn't good/competitive enough.)"
rice,Mechanical Engineering,PhD,"April 27, 2025",Rejected on 24 Apr,Fall 2025,International,,,,,"One of the professors interviewed me whose research direction aligns with my current research, which actually made me confident to apply here. I even met him in person at IMECE 2024. I knew it would be hard to get in here because there are so few seats (not because your profile isn't good/competitive enough.)"
Rice,Mechanic,PhD,"April 27, 2025",Rejected on 24 Apr,Fall 2025,International,,,,,"One of the professors interviewed me whose research direction aligns with my current research, which actually made me confident to apply here. I even met him in person at IMECE 2024. I knew it would be hard to get in here because there are so few seats (not because your profile isn't good/competitive enough.)"
Brown University,Biotechnology,Masters,"April 26, 2025",Accepted on 25 Apr,Fall 2025,International,GRE 336,GRE V 166,GRE AW 4.50,GPA 4.00,
"California State University, Sacramento",Educational Leadership and Policy,Masters,"April 26, 2025",Interview on 22 Apr,Fall 2025,American,,,,,
West Virginia University,Neuroscience,Masters,"April 26, 2025",Accepted on 17 Apr,Fall 2025,International,GPA 3.00,,,,No funding
Rice University,Bioengineering,Masters,"April 26, 2025",Accepted on 25 Apr,Fall 2025,American,GRE 319,GPA 3.50,,,"Applied first as a phd student then was reached out to to apply for the masters program. Accepted same day i got my offer, so excited"
University of Nottingham,Physics,PhD,"April 26, 2025",Accepted on 18 Apr,Fall 2025,International,,,,,
George Washington University,Speech Language Pathology,Masters,"April 26, 2025",Accepted on 22 Apr,Fall 2025,American,GPA 3.20,,,,No GRE. Waitlisted 2 weeks prior to receiving acceptance letter. Received a scholarship and graduate assistance ship position.
University of Illinois Chicago(UIC),Computer Science,PhD,"April 26, 2025",Rejected on 21 Apr,Fall 2025,International,,,,,
Washington State University,Communication,PhD,"April 26, 2025",Wait listed on 26 Apr,Fall 2025,International,,,,,IGNORE STATUS. I have not received any update. The status on the portal still says 'Under review'. Does anyone know when will they be sending out decisions?
Rice University,Mechanical Engineering,PhD,"April 26, 2025",Rejected on 24 Apr,Fall 2025,International,,,,,No interview.
University of Southern California,Computer Science,Masters,"April 26, 2025",Accepted on 18 Feb,Fall 2025,International,GRE 316,GRE V 153,GRE AW 5.00,GPA 3.90,
University of California Berkeley,Electrical And Computer Engineering,Masters,"April 26, 2025",Rejected on 25 Apr,Fall 2025,International,GPA 3.30,,,,Applied for MEng Program
Purdue University,Computer Science,PhD,"April 26, 2025",Rejected on 25 Apr,Fall 2025,International,GPA 3.90,,,,"Got a rejection mail yesterday, also indicated in application portal. Still waiting for decision from ece phd, related to cs. This us where I have research match. Cs was 2nd option. Let us see."
Western Washington University,Biochemistry,Masters,"April 26, 2025",Accepted on 16 Apr,Fall 2025,American,GPA 3.42,,,,
Ohio State University,Statistics,PhD,"April 26, 2025",Rejected on 25 Apr,Fall 2025,International,,,,,
University of North Carolina at Chapel Hill,Biostatistics,PhD,"April 26, 2025",Rejected on 24 Apr,Fall 2025,International,,,,,
Texas A&M University - College Station,Statistics,PhD,"April 26, 2025",Rejected on 17 Apr,Fall 2025,International,,,,,"Very terrible experience. After I received an email of update, I had to activate another account and wait for another 24 hours to see my rejection letter, saying my profile is not competitive... Quite mean you guys (╥﹏╥)"
Purdue University,Medical Physics,PhD,"April 26, 2025",Accepted on 22 Apr,Fall 2025,American,GPA 3.73,,,,"Had to secure funding through another department, but luckily found the exact research area I'm interested in."
UNC Chapel Hill,Mathematics,PhD,"April 25, 2025",Rejected on 25 Apr,Fall 2025,International,GPA 3.50,,,,UNC Chapel Hill took a long time to release even their first decisions. Glad its all over now.
University of Pennsylvania,AMCS,Masters,"April 25, 2025",Accepted on 19 Mar,Fall 2025,International,,,,,
University of Houston,Physics,PhD,"April 25, 2025",Accepted on 22 Apr,Fall 2025,International,GPA 3.95,,,,
University of Utah,Computer Science,PhD,"April 25, 2025",Rejected on 25 Apr,Fall 2025,International,,,,,
London School of Economics,Political Science & Political Economy,Masters,"April 25, 2025",Accepted on 22 Apr,Fall 2025,International,GPA 3.90,,,,
University of Utah,Geology,Masters,"April 25, 2025",Rejected on 25 Apr,Fall 2025,American,GPA 3.83,,,,"""Status Update"" email"
Illinois Institute of Technology,Architectural Engineering,Masters,"April 25, 2025",Accepted on 25 Apr,Fall 2025,International,GPA 3.75,,,,
CUNY Hunter College,Creative Writing Poetry,MFA,"April 25, 2025",Rejected on 25 Apr,Fall 2025,American,GPA 3.65,,,,"sent me an email to the portal, expected a rejection because no interview in february. still pretty gutted regardless."
Lesley University,Clinical Mental Health Counseling,Masters,"April 25, 2025",Accepted on 23 Apr,Fall 2025,American,GPA 3.89,,,,Interview was April 5th for DMT program.
Northeastern University,Physics,PhD,"April 25, 2025",Wait listed on 25 Apr,Fall 2025,American,,,,,I emailed them asking for an update and they said I am still under review. So anyone have any info or like whats up with this year.
Colorado School of Mines,Chemical Engineering,PhD,"April 25, 2025",Rejected on 24 Apr,Fall 2025,International,GPA 3.51,,,,
Rice University,Mechanical Engineering,PhD,"April 25, 2025",Rejected on 24 Apr,Fall 2025,International,GRE 317,GRE V 155,GRE AW 4.50,GPA 3.97,
University of Illinois Urbana-Champaign,Civil And Environmental Engineering,PhD,"April 25, 2025",Rejected on 23 Apr,Fall 2025,International,,,,,
University of Notre Dame,Earth and Environmental Engineering,PhD,"April 25, 2025",Rejected on 17 Apr,Fall 2025,International,,,,,
Purdue University,Computer Science,Masters,"April 25, 2025",Rejected on 25 Apr,Fall 2025,International,,,,,
University of Oklahoma,Astronomy,PhD,"April 25, 2025",Rejected on 25 Apr,Fall 2025,American,,,,,
University of Kansas,Physics,PhD,"April 25, 2025",Rejected on 25 Apr,Fall 2025,International,,,,,7 rejections out of 8.
University of Nebraska Medical Center,IGPBS,PhD,"April 25, 2025",Accepted on 18 Apr,Fall 2025,American,GPA 3.76,,,,"Cancer Research single-program.
2 years in industry bacteriology lab post-undergrad before applying to graduate schools."
Pratt Institute,Art History and Library and Information Sciences,Masters,"April 25, 2025",Accepted on 25 Apr,Fall 2025,American,GPA 3.37,,,,Applied during their rolling basis deadline.
University of Wisconsin - Madison,Industrial Engineering,Masters,"April 25, 2025",Rejected on 25 Apr,Fall 2025,American,GRE 167,GRE V 169,GRE AW 4.50,GPA 3.63,
Colorado School of Mines,Chemical Engineering,PhD,"April 25, 2025",Rejected on 24 Apr,Fall 2025,International,GPA 3.16,,,,
University College Dublin,Literature & Culture,Masters,"April 25, 2025",Accepted on 23 Apr,Fall 2025,American,GPA 3.55,,,,"Received a scholarship totaling about $6,200 after conversion from Euros"
"University of Tennessee, Knoxville",Creative Writing Fiction,MFA,"April 25, 2025",Rejected on 25 Apr,Fall 2025,American,GPA 3.90,,,,Rejected off the waitlist. Congrats to everyone who got in!
"University of California, Santa Cruz",Biomolecular Engineering & Bioinformatics (BMEB),PhD,"April 25, 2025",Rejected on 24 Apr,Fall 2025,International,,,,,"Interviewed, no notification until the 24th of April, did not respond to any email... tough season, I know they reduced the cohort by a lot, a lot of professors I was interested in will not take any students."
Boston University,Mechanical Engineering,PhD,"April 25, 2025",Rejected on 25 Apr,Fall 2025,International,GPA 3.74,,,,
University of Wisconsin - Madison,Industrial Engineering,Masters,"April 25, 2025",Rejected on 25 Apr,Fall 2025,American,GRE 329,GRE V 159,GRE AW 4.50,GPA 3.52,Research track
University of Arizona,English,PhD,"April 25, 2025",Rejected on 25 Apr,Fall 2025,American,GPA 3.67,,,,"3.95 MA GPA. Already accepted somewhere else, but glad I got all the pending apps done now. 2a/2w/19r/0p"
University at Buffalo,Linguistics,PhD,"April 25, 2025",Rejected on 25 Apr,Fall 2025,International,,,,,sent an email to the university to inquire after waiting for four months without any response
University of Kansas,Physics And Astronomy,PhD,"April 25, 2025",Rejected on 25 Apr,Fall 2025,International,,,,,
Stockholm University,Political Science,PhD,"April 25, 2025",Rejected on 25 Apr,Fall 2025,International,,,,,
University of North Carolina at Chapel Hill,Mathematics,PhD,"April 25, 2025",Rejected on 25 Apr,Fall 2025,American,GPA 3.40,,,,
Athabasca University,counselling psychology,Masters,"April 25, 2025",Accepted on 24 Apr,Fall 2025,International,,,,,Canadian applicant
Purdue University,Computer Science,PhD,"April 25, 2025",Rejected on 25 Apr,Fall 2025,International,,,,,
Purdue University,Computer Science,PhD,"April 25, 2025",Rejected on 25 Apr,Fall 2025,International,GPA 3.86,,,,
Monash University,Economics,PhD,"April 25, 2025",Rejected on 27 Mar,Fall 2025,International,,,,,
Kingston University,Economics,PhD,"April 25, 2025",Rejected on 24 Apr,Fall 2025,International,,,,,
University of California (UCLA),Asian Languages and Cultures,PhD,"April 25, 2025",Rejected on 12 Mar,Fall 2025,International,,,,,"Was told that I was originally put on the acceptance list in early Feb. After an unexpected one-month wait, they finally told me that the whole Chinese cohort was not able to admit any student because of the federal funding cut. I guess this is the same for the whole Asian studies department, with only a few advisors having their own external funding could possibly admit PhDs."
Colorado State University,Biomedical Science,PhD,"April 25, 2025",Rejected on 25 Apr,Fall 2025,International,,,,,
Oklahoma State University,Aerospace Engineering,Masters,"April 25, 2025",Interview on 24 Jan,Fall 2025,International,GPA 3.13,,,,Please who has gotten a decision from OSU MAE program
University of Toronto,Computer Science,Masters,"April 25, 2025",Rejected on 24 Apr,Fall 2025,International,GPA 3.80,,,,"Canadian applicant, 3.8 gpa, 2 industry internships, 1 CV paper."
Montclair State University,Clinical Psychology,Masters,"April 25, 2025",Accepted on 23 Apr,Fall 2025,American,GPA 4.00,,,,Forensic concentration. Interviewed on 04/03.
Massachusetts Institute of Technology (MIT),Brain And Cognitive Sciences,PhD,"April 24, 2025",Accepted on 22 Mar,Fall 2025,International,,,,,
Colorado State University,Mathematics,PhD,"April 24, 2025",Rejected on 24 Apr,Fall 2025,International,GPA 3.65,,,,3.9 in MS
Columbia University,English,Masters,"April 24, 2025",Accepted on 24 Apr,Fall 2025,American,GPA 3.70,,,,
The University of Texas at San Antonio,Psychology,Masters,"April 24, 2025",Accepted on 21 Apr,Fall 2025,American,,,,,
University of Ontario Institute Technology,Applied Psychology,PhD,"April 24, 2025",Rejected on 24 Apr,Fall 2025,International,GPA 4.33,,,,
University of Toronto,History,Masters,"April 24, 2025",Wait listed on 24 Apr,Fall 2025,American,,,,,Ignore the waitlist. Have any American applicants received their decisions?
University College London,Computer Science,Masters,"April 24, 2025",Accepted on 23 Apr,Fall 2025,International,GRE 326,GRE V 156,GRE AW 4.00,GPA 3.18,"IIT Kharagpur (Dept of Ocean Engineering and Naval Architecture), CGPA 7.95, IELTS 8.5, GRE 326(170Q), 2 Foreign Research Interns, 3 Other Interns, No Papers, Couple of Media Features, got accepted into UCL Emerging Digital Technologies Program"
University of Florida,Audiology,Other,"April 24, 2025",Accepted on 15 Apr,Fall 2025,American,,,,,Accepted from WL
New York University,Psychology,Masters,"April 24, 2025",Accepted on 24 Apr,Fall 2025,American,GPA 3.86,,,,nontrad student with computer science background
"University of California, Riverside",Computer Science,PhD,"April 24, 2025",Rejected on 24 Apr,Fall 2025,International,,,,,
Brigham Young University,Geology,Masters,"April 24, 2025",Rejected on 6 Mar,Fall 2025,International,GRE 306,GRE V 160,GRE AW 3.00,GPA 3.38,"Second time I apply to BYU, don't really know what happened. Super sad:c"
University of Utah,Biological Sciences,PhD,"April 24, 2025",Wait listed on 24 Apr,Fall 2025,International,,,,,"I got an email that no decision cos of funding freeze, and all applicant are waitlisted till further notice, I know it’s a rejection, my $65 gone"
University of Alberta,Library And Information Science,Masters,"April 24, 2025",Rejected on 24 Apr,Fall 2025,International,GPA 3.20,,,,"Domestic applicant, u of a undergraduate student"
University of Illinois Chicago(UIC),Mathematics,PhD,"April 24, 2025",Rejected on 24 Apr,Fall 2025,American,GPA 3.99,,,,Already committed to another school so didn't really care :)
NYU,Psychology,Masters,"April 24, 2025",Accepted on 24 Apr,Fall 2025,American,GPA 3.91,,,,
University of Toronto,Music Composition,PhD,"April 24, 2025",Rejected on 24 Apr,Fall 2025,International,GPA 3.99,,,,
University of British Columbia,Speech Language Pathology,Masters,"April 24, 2025",Accepted on 4 Apr,Fall 2025,International,GPA 4.00,,,,"BA in Communication. Research assistant with a linguistics lab since fall 2023. Volunteered with adults with aphasia since summer 2024. GPA is hard to calculate because I went back to school to do the prereqs for the program (current GPA is 4.26/4.33 ; GPA from my BA was 3.69/4.33). Declined this offer, accepted one from another Canadian school."
University of Alberta,Speech Language Pathology,Masters,"April 24, 2025",Accepted on 3 Apr,Fall 2025,International,GPA 4.00,,,,"BA in Communication. Research assistant with a linguistics lab since fall 2023. Volunteered with adults with aphasia since summer 2024. GPA is hard to calculate because I went back to school to do the prereqs for the program (current GPA is 4.26/4.33 ; GPA from my BA was 3.69/4.33). Accepted this offer, declined one from another Canadian school."
University of South Florida,Speech Language Pathology,Masters,"April 24, 2025",Rejected on 24 Apr,Fall 2025,American,GPA 3.90,,,,"originally waitlisted, rejected today."
Northeastern University,Political Science,PhD,"April 24, 2025",Rejected on 22 Apr,Fall 2025,International,,,,,Grad
ucsc,Biomolecular Engineering and Bioinformatics (BMEB),PhD,"April 24, 2025",Rejected on 24 Apr,Fall 2025,American,GPA 3.75,,,,1 publication 2 years research experience in the field. Relevant undergraduate degree. Interviewed in Feb. Rejected today
McMaster University,Electrical And Computer Engineering,Masters,"April 24, 2025",Accepted on 24 Apr,Fall 2025,International,GPA 3.90,,,,
University of Cincinnati,Mathematics,PhD,"April 24, 2025",Rejected on 24 Apr,Fall 2025,American,GPA 3.87,,,,No GRE; had research experience 3 years of TA experience
University of Toronto,Computer Science,Masters,"April 24, 2025",Rejected on 24 Apr,Fall 2025,International,GPA 3.90,,,,multiple research internships in CS-adjacent domains and strong LORs (imo). idk what uoft is doing
University of Toronto,Computer Science,Masters,"April 24, 2025",Rejected on 24 Apr,Fall 2025,International,GPA 3.90,,,,
University of Toronto,Computer Science,Masters,"April 24, 2025",Rejected on 24 Apr,Fall 2025,International,GPA 3.85,,,,"One co-author publication, graduate of a top 3 Canadian University. Not good enough for U of T I guess."
London School of Economics and Political Science (LSE),Applied Social Data Science,Masters,"April 24, 2025",Accepted on 23 Apr,Fall 2025,American,GPA 4.00,,,,
University of Toronto,Computer Science,Masters,"April 24, 2025",Rejected on 24 Apr,Fall 2025,International,,,,,
University of New Mexico,Political Science,PhD,"April 24, 2025",Accepted on 23 Apr,Fall 2025,American,,,,,Emailed the dept coordinator regarding the long awaiting response and they emailed back with an offer letter. No funding though.
University of Toronto,Computer Science,Masters,"April 24, 2025",Rejected on 24 Apr,Fall 2025,International,GPA 3.94,,,,
University of Kansas,Mathematics,PhD,"April 24, 2025",Rejected on 24 Apr,Fall 2025,American,GPA 3.69,,,,
University of Connecticut,Economics,PhD,"April 24, 2025",Rejected on 23 Apr,Fall 2025,International,,,,,
Johns Hopkins University,Chemistry,PhD,"April 24, 2025",Rejected on 21 Apr,Fall 2025,International,,,,,OK JHU this is so late
Paris School Of Economics (PSE),Economics,Masters,"April 24, 2025",Rejected on 24 Apr,Fall 2025,American,GRE 157,GRE V 154,GRE AW 4.00,GPA 3.80,"Submitted without GRE. Rejected from APE, still waiting for PPD"
University of Massachusetts Amherst,Studio Art,MFA,"April 24, 2025",Accepted on 16 Apr,Fall 2025,American,,,,,
University of Illinois Chicago(UIC),Electrical And Computer Engineering,PhD,"April 24, 2025",Wait listed on 24 Apr,Fall 2025,International,GPA 3.48,,,,"No email.Status changed to ""Additional review required"". Has anyone received the same?What does this mean?"
Georgia Southern University,School Psychology,Other,"April 24, 2025",Accepted on 22 Apr,Fall 2025,American,,,,,Received an email saying there was an update on my portal (I had already accepted another offer since it was past the deadline of April 15th)
Saint Louis University,Epidemiology,Masters,"April 24, 2025",Accepted on 10 Mar,Fall 2025,International,,,,,
Saint Louis University,Mathematics,PhD,"April 24, 2025",Accepted on 21 Apr,Fall 2025,International,,,,,
Saint Louis University,Biomedical Engineering,PhD,"April 24, 2025",Accepted on 5 Feb,Fall 2025,International,,,,,
Purdue University,Economics,PhD,"April 24, 2025",Accepted on 23 Apr,Fall 2025,International,GRE 330,GRE V 160,GRE AW 4.50,GPA 3.58,Never expected an acceptence from here. This university was at the top of my preferences but committed elsewhere as I didnt hear back anything for so long. Will be declining. They offered 23k + 5k for one year over 5 years. Partial health insurance. 6a/3r/0p.
"University of California, Berkeley",Nuclear Engineering,PhD,"April 24, 2025",Rejected on 23 Apr,Fall 2025,American,,,,,Knew I wasn't making it when I didn't receive the interview visit invitation thingy
Montclair,MBA,MBA,"April 24, 2025",Accepted on 23 Apr,Fall 2025,International,GPA 3.70,,,,No interviews. got My acceptance after 1 week? Does anyone know when they get back to you after you complete the GA form?
University of Virginia,Computer Science,PhD,"April 24, 2025",Rejected on 12 Mar,Fall 2025,International,,,,,
Northeastern University,Robotics,Masters,"April 24, 2025",Accepted on 17 Jan,Fall 2025,International,,,,,
George Mason University,Bioengineering,PhD,"April 24, 2025",Rejected on 22 Apr,Fall 2025,International,GPA 3.70,,,,
University of Michigan - Ann Arbor,Electrical And Computer Engineering,PhD,"April 24, 2025",Rejected on 22 Apr,Fall 2025,International,,,,,
"University of Maryland, College Park",Electrical And Computer Engineering,PhD,"April 24, 2025",Rejected on 24 Apr,Fall 2025,International,,,,,
Virginia Tech,Electrical Engineering,PhD,"April 24, 2025",Rejected on 23 Apr,Fall 2025,International,,,,,Given the option to forward my application for Spring 2026
Washington University in St. Louis (WashU/WUSTL),Electrical and Systems Engineering,PhD,"April 24, 2025",Rejected on 1 Apr,Fall 2025,International,,,,,
NYU,Electrical Engineering,PhD,"April 24, 2025",Rejected on 29 Mar,Fall 2025,International,,,,,Rejected but accepted in MS
"University of Maryland, College Park",Electrical And Computer Engineering,PhD,"April 24, 2025",Rejected on 24 Apr,Fall 2025,International,GPA 3.52,,,,
University of Washington,Data Science and Artificial Intelligence,Masters,"April 24, 2025",Interview on 24 Apr,Fall 2025,International,GRE 315,GPA 3.30,,,
university of california,Data Science and Artificial Intelligence,Masters,"April 24, 2025",Wait listed on 24 Jun,Fall 2025,International,GRE 315,GPA 3.30,,,
Johns Hopkins University,Finance,Masters,"April 24, 2025",Accepted on 24 Apr,Fall 2025,International,GRE 318,GPA 3.84,,,"with 4.5 years of work experience, 318 GRE, IELTS 8. Accepted in Round 3"
John Hopkins University Carey Business School,Finance,Masters,"April 24, 2025",Accepted on 24 Mar,Fall 2025,International,GRE 318,GPA 3.84,,,"with 4.5 years of work experience, 318 GRE, IELTS 8. Accepted in Round 3"
McGill University,Counseling Psychology,Masters,"April 24, 2025",Rejected on 24 Apr,Fall 2025,International,GPA 4.00,,,,Applicant from Ontario.
University of Waterloo,Electrical And Computer Engineering,Masters,"April 23, 2025",Accepted on 23 Apr,Fall 2025,International,GPA 3.94,,,,IELTS 7.5
Case Western Reserve University,Chemistry,PhD,"April 23, 2025",Accepted on 23 Apr,Fall 2025,American,GPA 3.42,,,,"For the Chemical Biology focus. My undergraduate GPA was pretty low, but I scored A's in several 400 level courses in biochemistry/biophysical chemistry, and had a significant upward trend."
University of Chicago,Social Work,Masters,"April 23, 2025",Accepted on 23 Apr,Fall 2025,American,GPA 3.74,,,,"Applied 2/24, accepted 4/23 with Dean's Distinguished Leadership Award (10k/year). experience: 2 years employment in social work, 8 month clinical sw internship, a few research assistant positions, volunteer at hotline service."
Imperial College London,Chemistry,PhD,"April 23, 2025",Accepted on 4 Apr,Fall 2025,International,,,,,with president's Ph.D scholarship
The University of Texas at Austin,Higher Education,PhD,"April 23, 2025",Accepted on 23 Apr,Fall 2025,International,GPA 4.00,,,,I’m so excited. This is my only offer in Fall 2025
Johns Hopkins University,Electrical And Computer Engineering,PhD,"April 23, 2025",Rejected on 21 Apr,Fall 2025,American,GPA 4.00,,,,Note that the April 15 deadline came and went with no communication from the school whatsoever.
Worcester Polytechnic Institute,Electrical And Computer Engineering,PhD,"April 23, 2025",Rejected on 23 Apr,Fall 2025,International,GPA 3.20,,,,
Montclair State University,Clinical Psych Concentration Forensic Psych,Masters,"April 23, 2025",Accepted on 23 Apr,Fall 2025,American,GPA 3.75,,,,"Applied 3/18, interview 4/3, acceptance today!"
Northwestern University,Mechanical Engineering,Masters,"April 23, 2025",Accepted on 23 Apr,Fall 2025,International,GPA 3.30,,,,Was notified by mail to check decision at the website.
Boston University,Mechanical Engineering,Masters,"April 23, 2025",Accepted on 23 Apr,Fall 2025,International,GPA 3.51,,,,Rejected PhD but offered MS. No information about funding
Wilfrid Laurier University,Social Work,Masters,"April 23, 2025",Accepted on 23 Apr,Fall 2025,International,,,,,"Domestic student, admitted to the in-person FT 2 year (non-BSW) program."
University of Illinois Chicago(UIC),Mechanical Engineering,Masters,"April 23, 2025",Accepted on 21 Apr,Fall 2025,American,GPA 3.41,,,,"Declined, accepted offer from different program.  My status went ""blank"" before receiving offer, so it looks like that's not a sure indicator of admit/reject"
Northwestern University,Mechanical Engineering,Masters,"April 23, 2025",Accepted on 23 Apr,Fall 2025,American,GPA 3.41,,,,"Applied March 7th, received no communication until email indicating decision letter"
University of Hawaii at Manoa,Mathematics,PhD,"April 23, 2025",Rejected on 23 Apr,Fall 2025,American,GPA 3.90,,,,"Since I hadn't heard anything since my application was under review, I sent an email to the chair of the math department. He responded within a few hours saying I will not be offered a position. This school was the last chance for me, so I will (probably) try again next year... Maybe funding will be less uncertain?

No GRE, but I have a MS in math (GPA 3.16). Had emailed with potential advisor.  I thought it would be a good fit."
Cambridge University,"Planning, Growth, and Regeneration",Masters,"April 23, 2025",Accepted on 23 Apr,Fall 2025,American,GPA 3.79,,,,
University of North Carolina at Chapel Hill,Folklore,Masters,"April 23, 2025",Rejected on 23 Apr,Fall 2025,American,GPA 3.89,,,,I applied in December and didn't hear back til April 23rd... so I had figured it was a rejection. Still disappointing
Rutgers-Camden,Computational and Integrative Biology,Masters,"April 23, 2025",Accepted on 23 Apr,Fall 2025,American,GPA 3.20,,,,Applied for PhD  Molecular Biosciences at Rutgers University New Brunswick; Got rejected and transferred application to Rutgers-Camden through common portal.
Northern Illinois University,Physics,PhD,"April 23, 2025",Accepted on 15 Apr,Fall 2025,American,,,,,"Graduate Director emailed me to let me know that I am off the waitlist and recommended for graduation as part of the C2-THE-P2 program. A few hours later, I got my acceptance.
I already accepted an offer before this, so I declined their offer.
Applied for for HEP-Ex:
1 year of HEP-ex research, presented at two conferences, won a best poster award at one. 1.5 years of QIS research, 1 REU in Astro."
San Francisco State University,Philosophy,Masters,"April 23, 2025",Accepted on 23 Apr,Fall 2025,International,,,,,
University of Michigan - Ann Arbor,Electrical And Computer Engineering,PhD,"April 23, 2025",Rejected on 17 Apr,Fall 2025,American,GPA 4.00,,,,
"University of California, San Diego",Computer Science,PhD,"April 23, 2025",Rejected on 18 Apr,Fall 2025,American,GPA 4.00,,,,
Virginia Tech,Computer Engineering,PhD,"April 23, 2025",Rejected on 23 Apr,Fall 2025,International,GPA 3.86,,,,
Boston University,Mechanical Engineering,Masters,"April 23, 2025",Accepted on 23 Apr,Fall 2025,International,GPA 3.62,,,,Rejected from PhD and offered Masters.
University of Missouri - Columbia,Counseling Psychology,PhD,"April 23, 2025",Rejected on 12 Dec,Fall 2025,American,GPA 3.90,,,,"MA in counseling psych 3.9 gpa, 2 years of GRA experience (federally funded grant, worked on qual. projects for govt) 6 mixed methods projects presentations, 1 manuscript in progress for publication. 1 year direct clinical experience with marginalized populations. rejection without interview"
"University of Maryland, College Park",Counseling Psychology,PhD,"April 23, 2025",Rejected on 19 Mar,Fall 2025,American,GPA 3.90,,,,"MA in counseling psych 3.9 gpa, 2 years of GRA experience (federally funded grant, worked on qual. projects for govt) 6 mixed methods projects presentations, 1 manuscript in progress for publication. 1 year direct clinical experience with marginalized populations. rejection without interview"
University of North Texas (UNT),Counseling Psychology,PhD,"April 23, 2025",Rejected on 23 Apr,Fall 2025,American,GPA 3.90,,,,"MA in Counseling Psychology 3.9 GPA; 2 years GRA experience (worked with govt programs for qual. research), 6 poster presentation at natl. conferences, 1 manuscript in progress for publication. rejection without interview"
New York University,Political Science,PhD,"April 23, 2025",Rejected on 23 Apr,Fall 2025,American,GPA 3.20,,,,"GPA is undergrad, master’s GPA is 4.0. They took soooo long. They didn’t offer a MA this year surprisingly. Last year they offered an unfunded Master’s in IA when I already have an MA in American politics lol. At least we know now smh"
UIUC,Political Science,PhD,"April 23, 2025",Rejected on 23 Apr,Fall 2025,International,,,,,"Being waitlist from Feb. ""We've wrapped up our admissions process for the year. It was a complicated year with many difficult decisions. Unfortunately, we were not able to admit many students with strong qualifications. In the next two weeks, we'll be sending out official notices to those students for whom we did not have space in the program."" I just checked with them and got this email."
Texas Christian University,Speech Language Pathology,Masters,"April 23, 2025",Wait listed on 23 Apr,Fall 2025,International,,,,,Has anyone on the waitlist heard anything?
New York University,Journalism,Masters,"April 23, 2025",Rejected on 23 Apr,Fall 2025,International,,,,,"Applied for Magazine/Digital specialization. Expected to not get in. At this point, it’s just closure."
New York University,Politics,PhD,"April 23, 2025",Rejected on 23 Apr,Fall 2025,International,,,,,Email to check portal!! finallyyy it came out! it took them so effingg longgg! Atleast it's done! Thankfully I am going somewhere!
State University of New York at Buffalo,Computer Science and Engineering,PhD,"April 23, 2025",Rejected on 23 Apr,Fall 2025,International,GPA 3.20,,,,
Boston University,Mechanical Engineering,PhD,"April 23, 2025",Rejected on 23 Apr,Fall 2025,International,GPA 3.52,,,,They sent an offer for MS.
University of Delaware,Mechanical Engineering,PhD,"April 23, 2025",Rejected on 1 Apr,Fall 2025,International,,,,,
University of Missouri - Saint Louis,Clinical Psychology,PhD,"April 23, 2025",Rejected on 23 Apr,Fall 2025,American,,,,,Email from DCT
Georgia Institute of Technology,Computer Science,PhD,"April 23, 2025",Rejected on 23 Apr,Fall 2025,International,GPA 3.97,,,,
University of Maryland,Bioengineering,PhD,"April 23, 2025",Rejected on 23 Apr,Fall 2025,American,GPA 3.86,,,,"Emailed to express continued interest, received response that no further offers will be made this year"
Florida State University,Biostatistics,PhD,"April 23, 2025",Accepted on 11 Apr,Fall 2025,International,GRE 318,GPA 3.57,,,"Late decision. No funding, admitted as a self-supported student..."
University of South Carolina,Geological Sciences,Masters,"April 23, 2025",Rejected on 23 Apr,Fall 2025,International,GPA 2.98,,,,
CUNY,MCD,PhD,"April 23, 2025",Rejected on 23 Apr,Fall 2025,International,,,,,
University of Wisconsin - Madison,Data Science in Human Behavior,Masters,"April 23, 2025",Accepted on 22 Apr,Fall 2025,American,,,,,
University College London,Applied Machine Learning,Masters,"April 23, 2025",Wait listed on 23 Apr,Fall 2025,International,GPA 2.83,,,,
"University College London, University of London",Applied Machine Learning,Masters,"April 23, 2025",Wait listed on 23 Apr,Fall 2025,International,GPA 2.83,,,,
University of Michigan - Ann Arbor,Electrical And Computer Engineering,Masters,"April 23, 2025",Rejected on 22 Apr,Fall 2025,American,GPA 3.33,,,,"had much higher major GPA, with 5+ years of industry experience & 2 internships , no research or publications"
Yale University,Mechanical Engineering and Materials Science,PhD,"April 23, 2025",Rejected on 17 Feb,Fall 2025,International,GPA 3.27,,,,
University of Edinburgh,History,PhD,"April 23, 2025",Accepted on 23 Apr,Fall 2025,American,,,,,
"University of Tennessee, Knoxville",Anthropology,PhD,"April 23, 2025",Accepted on 3 Mar,Fall 2025,American,GPA 3.70,,,,Was emailed directly by an individual at the university for my acceptance that included a written letter by the director of the graduate school. Received an official acceptance from the university on March 11th.
Texas State University,Anthropology,PhD,"April 23, 2025",Rejected on 3 Apr,Fall 2025,American,GPA 3.70,,,,
Rutgers University,Electrical and Computer engineering,Masters,"April 23, 2025",Accepted on 23 Apr,Fall 2025,International,,,,,
National University of Singapore,Chemical And Biomolecular Engineering,PhD,"April 23, 2025",Accepted on 9 Apr,Fall 2025,International,GRE 324,GRE V 154,GRE AW 3.50,,
Colorado State University,Political Science,PhD,"April 23, 2025",Rejected on 22 Apr,Fall 2025,International,GRE 333,GRE V 163,GRE AW 4.50,GPA 3.53,Second time of application. Same message with limitations on enrolment which I feel is an automated message.
Ohio University,Film,MFA,"April 23, 2025",Rejected on 22 Apr,Fall 2025,International,GPA 3.90,,,,
University of North Texas (UNT),Materials Science And Engineering,PhD,"April 23, 2025",Accepted on 27 Feb,Fall 2025,International,,,,,
University of Michigan - Ann Arbor,Electrical And Computer Engineering,Masters,"April 23, 2025",Rejected on 22 Apr,Fall 2025,International,GRE 303,GPA 3.60,,,Rejected from every single US University with this one being the last one :(
Harvard University,media medicine and health,Masters,"April 22, 2025",Wait listed on 26 Mar,Fall 2025,International,,,,,"Email to check portal, got follow-up questions on Jan 25"
grad center cuny,Phd Biology,PhD,"April 22, 2025",Rejected on 22 Apr,Fall 2025,International,,,,,
The University of Texas at Austin,Political Science,PhD,"April 22, 2025",Accepted on 15 Apr,Fall 2025,International,,,,,"Public Law + CP subfield. I got off the waitlist just before the deadline. Prayers have been heard! This was a very competitive cycle, wish you all luck."
Louisiana State University,Clinical Psychology,PhD,"April 22, 2025",Rejected on 15 Apr,Fall 2025,American,,,,,just got portal notification PI emailed me on 2/21
University of Arkansas - Fayetteville,Clinical Psychology,PhD,"April 22, 2025",Rejected on 22 Apr,Fall 2025,American,,,,,
Louisiana State University,Clinical Psychology,PhD,"April 22, 2025",Wait listed on 22 Apr,Fall 2025,American,,,,,Has anyone received any sort of formal notification from LSU? My application status previously said it was being reviewed but it is now blank.
Brandeis University,Musicology,Masters,"April 22, 2025",Rejected on 22 Apr,Fall 2025,American,,,,,"Still haven’t received anything from the school or on the portal. I had to reach out to the administrator who was kind but said “it doesn’t look good”, so I’m guessing that’s a rejection. Would be nice to actually receive something though. What’s up with that? Do they just not send rejection notices/emails until the last minute?"
Virginia Tech,Communication,Masters,"April 22, 2025",Accepted on 22 Apr,Fall 2025,International,GPA 3.48,,,,Awaiting funding decision. Anyone received funding yet?
University of Michigan,Electrical And Computer Engineering,Masters,"April 22, 2025",Rejected on 22 Apr,Fall 2025,American,GPA 3.08,,,,
"University of California, Irvine",Physics,PhD,"April 22, 2025",Rejected on 22 Apr,Fall 2025,American,,,,,if you also got rejected from everywhere im sending you 5 big booms
Carnegie Mellon University,Dramatic Writing,MFA,"April 22, 2025",Rejected on 22 Apr,Fall 2025,American,,,,,"I did not interview with Carnegie Mellon and was not given any notification of my application status, so I assumed it was a soft rejection this late in the game. Today, I received an email saying I was at the top of their waitlist but ultimately they could not offer me a spot."
Georgetown University,"Communication, Culture, and Technology",Masters,"April 22, 2025",Accepted on 22 Apr,Fall 2025,International,,,,,
Colorado State University,Economics,PhD,"April 22, 2025",Rejected on 22 Apr,Fall 2025,International,,,,,
Columbia University,Electrical Engineering,PhD,"April 22, 2025",Rejected on 22 Apr,Fall 2025,International,GPA 3.83,,,,"Got rejection for Electrical Engineering MS/PhD (Track) program. However, they gave an option to be considered for master's program by filling a form and submitting video interview."
Penn State University,Meteorology,Masters,"April 22, 2025",Rejected on 22 Apr,Fall 2025,American,,,,,
San Diego State University,Applied Mathematics,Masters,"April 22, 2025",Accepted on 21 Apr,Fall 2025,American,GPA 3.98,,,,
Oregon State University,Civil and Construction Engineering,PhD,"April 22, 2025",Accepted on 13 Mar,Fall 2025,International,GPA 3.58,,,,Has anyone actually got any funding? All I see in the gradcafe is that there has been no decision on funding yet.
Northwestern University,Statistics,Masters,"April 22, 2025",Rejected on 17 Apr,Fall 2025,International,GRE 167,GRE V 159,GRE AW 5.00,GPA 3.39,
University of Kentucky,Medical Physics,PhD,"April 22, 2025",Accepted on 21 Apr,Fall 2025,American,,,,,Accepted off of waitlist
University of Mannheim,Economics,PhD,"April 22, 2025",Accepted on 22 Apr,Fall 2025,International,GRE 168,GPA 4.00,,,
University of Washington,"MDes, Interaction Design (IxD)",Masters,"April 22, 2025",Accepted on 11 Apr,Fall 2025,American,,,,,"Mar 17: Interview invite. 
Mar 19: Interview. 
Apr 11: Acceptance email."
Johns Hopkins University,Electrical And Computer Engineering,PhD,"April 22, 2025",Rejected on 21 Apr,Fall 2025,International,GRE 330,GRE V 160,GRE AW 3.00,GPA 3.24,
George Washington University,Biomedical Engineering,PhD,"April 22, 2025",Rejected on 21 Apr,Fall 2025,American,GPA 3.86,,,,Got an email to check the portal. I emailed a professor earlier in the day expressing continued interest—not sure if the timing is coincidence or not
Lehigh University,Computer Science,Masters,"April 22, 2025",Accepted on 18 Apr,Fall 2025,International,GPA 3.86,,,,
University of California (UCSB),Physics,PhD,"April 22, 2025",Rejected on 22 Apr,Fall 2025,International,,,,,
University of Tartu,Educational Technology,Masters,"April 22, 2025",Accepted on 21 Apr,Fall 2025,International,,,,,
University of Cambridge,Human-Inspired Artificial Intelligence,PhD,"April 22, 2025",Accepted on 7 Mar,Fall 2025,International,GPA 4.00,,,,
Ludwig Maximilian University of Munich (LMU),Economics,PhD,"April 22, 2025",Interview on 22 Apr,Fall 2025,International,,,,,Has anyone heard from LMU?
Texas A&M University - College Station,Physics,PhD,"April 22, 2025",Rejected on 22 Apr,Fall 2025,International,GPA 3.20,,,,
"University of California, Irvine",Physics,PhD,"April 22, 2025",Rejected on 22 Apr,Fall 2025,International,GPA 3.20,,,,
"University of California, Irvine",Physics,PhD,"April 22, 2025",Rejected on 21 Apr,Fall 2025,American,,,,,"Did anyone else get the sad rejection wave of UCI, UC Davis, and UCSB all in one day? Idk why the admissions committees decided to team up and send out their decisions on the same day and make it three times as painful :("
Columbia University,Anthropology,Masters,"April 22, 2025",Wait listed on 21 Apr,Fall 2025,International,GPA 3.50,,,,
"University of California, Irvine",Physics,Masters,"April 22, 2025",Rejected on 22 Apr,Fall 2025,International,,,,,
University of California Irvine,Electrical And Computer Engineering,Masters,"April 22, 2025",Rejected on 22 Apr,Fall 2025,International,GPA 3.30,,,,
"University of california, Irvine",Electrical And Computer Engineering,Masters,"April 22, 2025",Rejected on 22 Apr,Fall 2025,International,,,,,
Johns Hopkins University,Electrical And Computer Engineering,PhD,"April 22, 2025",Rejected on 22 Apr,Fall 2025,International,GPA 3.87,,,,
University of Washington,Economics,PhD,"April 22, 2025",Rejected on 21 Apr,Fall 2025,International,,,,,No review.
University of Illinois Chicago(UIC),English,PhD,"April 21, 2025",Accepted on 21 Apr,Fall 2025,American,GPA 4.00,,,,"I was rejected off the waitlist and then I was un-rejected me...it happens, I guess!! I'm thrilled!"
Johns Hopkins University,Electrical And Computer Engineering,PhD,"April 21, 2025",Rejected on 21 Apr,Fall 2025,American,GPA 3.86,,,,No GRE scores. 4 publications in the areas of DSP and Machine Learning. One reference from previous alumni.
Tulane University,Economics,PhD,"April 21, 2025",Rejected on 21 Apr,Fall 2025,International,,,,,Rejection for PhD but offered an unfunded MA Economics Policy.
"University of California, Davis",Physics,PhD,"April 21, 2025",Rejected on 21 Apr,Fall 2025,International,GPA 3.50,,,,"The last one on this cycle, 8/8 rejection lmfao"
University of Melbourne,Psychological Sciences,PhD,"April 21, 2025",Accepted on 15 Apr,Fall 2025,International,,,,,
San Jose State University,Bioinformatics,Masters,"April 21, 2025",Accepted on 11 Apr,Fall 2025,International,GPA 3.28,,,,"International admissions, biomedical sciences background.
The ACEI evaluation converted my European grades to a 3.28 GPA."
University of Central Florida,Themed Experience,Masters,"April 21, 2025",Wait listed on 21 Apr,Fall 2025,American,GPA 3.84,,,,
Northern Michigan University,Clinical Psychology,Masters,"April 21, 2025",Accepted on 16 Apr,Fall 2025,American,,,,,
University of Cincinnati,English and Literary Arts Creative Writing,PhD,"April 21, 2025",Rejected on 21 Apr,Fall 2025,American,,,,,Well I figured
University of Florida,Mechanical Engineering,Masters,"April 21, 2025",Accepted on 18 Apr,Fall 2025,International,GPA 3.30,,,,Was notified by mail!.
University of Southern California,Playwriting/Dramatic Writing,MFA,"April 21, 2025",Accepted on 21 Apr,Fall 2025,American,,,,,
Purdue University,Economics,PhD,"April 21, 2025",Rejected on 21 Apr,Fall 2025,International,,,,,
Rutgers University,Civil And Environmental Engineering,PhD,"April 21, 2025",Accepted on 21 Apr,Fall 2025,International,GPA 3.00,,,,Status updated at the website saying I was admitted. No information about funding.
California State University Long Beach,Geography,Masters,"April 21, 2025",Accepted on 21 Apr,Fall 2025,American,GPA 3.70,,,,No news on funding yet.
"University of California, Davis",Physics,PhD,"April 21, 2025",Rejected on 21 Apr,Fall 2025,American,,,,,
North Dakota State University,Statistics,PhD,"April 21, 2025",Accepted on 25 Feb,Fall 2025,American,,,,,"$5.4k TA position offered after reaching out to discuss funding, said no because I can't live off of that. Sad because the program itself sounds cool."
University of Houston,Economics,PhD,"April 21, 2025",Rejected on 20 Apr,Fall 2025,International,GRE 331,GRE V 163,,,I wan on the funding waitlist. All positions are filled and I'm rejected.
CUNY Graduate Center,Economics,PhD,"April 21, 2025",Accepted on 21 Apr,Fall 2025,American,,,,,Accepted off waitlist with tuition fellowship
University of California (UCSB),Physics,PhD,"April 21, 2025",Rejected on 21 Apr,Fall 2025,International,,,,,Such a stupid administration! I'm not going to suggest others to apply there. Waste of my 155+25 USD and time to make the SoP.
University of Illinois Chicago(UIC),Computer Science,PhD,"April 21, 2025",Rejected on 21 Apr,Fall 2025,American,GPA 3.90,,,,
University of California (UCSB),Physics,PhD,"April 21, 2025",Rejected on 21 Apr,Fall 2025,International,GPA 3.95,,,,
Michigan Technological University,Physics,Masters,"April 21, 2025",Accepted on 24 Mar,Fall 2025,American,GPA 3.59,,,,"ApJ paper in prep. Applied for PhD program (and their funding) with astroparticle physics advisors, was deferred to Master's program (with no funding offers) and assigned the graduate program director as my ""initial advisor"" (nanoscience research). Sorry on the late notifications, but I emailed the director to inquire about funding and haven't heard anything. I saw there was a physics PhD rejection so I'm wondering if anyone else got deferred and if there might be a pathway to a MTU PhD. I'm still waiting to hear back from post-baccs and funded master's so my decision is still pending"
Virginia Tech,Computer Science,PhD,"April 21, 2025",Rejected on 6 Mar,Fall 2025,American,,,,,
"University of California, Davis",Physics,PhD,"April 21, 2025",Rejected on 21 Apr,Fall 2025,American,,,,,
University of Pittsburgh,Computer Science,PhD,"April 21, 2025",Rejected on 21 Apr,Fall 2025,American,,,,,
San Diego State University,Astronomy,Masters,"April 21, 2025",Accepted on 16 Apr,Fall 2025,American,GPA 3.69,,,,
"University of California, Davis",Physics,PhD,"April 21, 2025",Rejected on 21 Apr,Fall 2025,American,GPA 3.69,,,,
University of California (UCLA),Aerospace Engineering,PhD,"April 21, 2025",Rejected on 19 Apr,Fall 2025,American,,,,,
University of Waterloo,Computer Science,Masters,"April 21, 2025",Rejected on 21 Apr,Fall 2025,International,GPA 3.70,,,,
University of Nebraska,Chemistry,PhD,"April 21, 2025",Rejected on 21 Apr,Fall 2025,International,GPA 3.39,,,,
Georgia Institute of Technology,Earth and Atmospheric Sciences,PhD,"April 21, 2025",Rejected on 21 Apr,Fall 2025,International,GPA 3.50,,,,
University of Southern California,Computer Science,Masters,"April 21, 2025",Rejected on 20 Apr,Fall 2025,American,GPA 3.50,,,,
Rensselaer Polytechnic Institute,Biomedical Engineering,PhD,"April 21, 2025",Rejected on 21 Apr,Fall 2025,International,GRE 165,GRE V 157,GRE AW 4.00,GPA 3.43,emailed to check my portal and it was a generic rejection letter.
University of Maryland Baltimore County,Computer Science,PhD,"April 21, 2025",Accepted on 20 Apr,Fall 2025,American,GRE 326,GRE V 166,GRE AW 4.00,GPA 3.92,Received an email from the CS department on 4/18 stating they were referring me for the MS program instead of PhD but then on 4/20 I received an update in the application portal and an acceptance to the PhD program.
University of Louisville,Chemical Engineering,PhD,"April 21, 2025",Rejected on 21 Apr,Fall 2025,International,,,,,
Georgia Institute of Technology,Civil And Environmental Engineering,PhD,"April 21, 2025",Rejected on 21 Apr,Fall 2025,International,,,,,
Medical University of South Carolina,Biomedical Sciences,PhD,"April 21, 2025",Rejected on 21 Apr,Fall 2025,American,GPA 3.60,,,,"Interviewed beginning of January 2025, attended a recruitment weekend at the beginning of February, never waitlist"
UC Davis,Applied Mathematics,PhD,"April 21, 2025",Rejected on 17 Apr,Fall 2025,American,,,,,Applied to 30 schools and didnt get into a single one dont even know how to process this
McGill University,Mathematics and Statistics,Masters,"April 21, 2025",Rejected on 10 Apr,Fall 2025,International,GPA 3.20,,,,
Texas A&M University - College Station,Physics And Astronomy,PhD,"April 21, 2025",Rejected on 21 Apr,Fall 2025,International,,,,,
Purdue University,Management,PhD,"April 21, 2025",Rejected on 21 Apr,Fall 2025,International,GRE 325,GRE V 158,GRE AW 4.00,GPA 3.97,The Supply Chain and Operations Management track
CUNY John Jay College of Criminal Justice,Forensic Psychology,Masters,"April 21, 2025",Accepted on 17 Apr,Fall 2025,American,GPA 3.75,,,,
University of Washington,History,PhD,"April 21, 2025",Accepted on 15 Apr,Fall 2025,American,,,,,Removed from waitlist
University of Rochester,BSCB,PhD,"April 21, 2025",Rejected on 4 Apr,Fall 2025,International,,,,,
Czech University of Life Sciences,Forest Biology,PhD,"April 21, 2025",Accepted on 15 Apr,Fall 2025,International,,,,,
Cornell University,"Global Development (MPS, International Agriculture)",Masters,"April 20, 2025",Rejected on 19 Apr,Fall 2025,International,,,,,"3 years of work ex in impact evaluation in agricultural programs, spoke to the admissions person and she said I was perfect for this program :("
National University of Singapore,Financial Engineering,Masters,"April 20, 2025",Wait listed on 26 Feb,Fall 2025,International,,,,,
University of California (UCLA),Aerospace Engineering,PhD,"April 20, 2025",Rejected on 19 Apr,Fall 2025,International,,,,,
University of British Columbia,Management,Masters,"April 20, 2025",Accepted on 10 Apr,Fall 2025,International,GPA 4.00,,,,
Carnegie Mellon University,Materials Science And Engineering,PhD,"April 20, 2025",Rejected on 20 Apr,Fall 2025,International,,,,,
University of South Carolina,Physics And Astronomy,PhD,"April 20, 2025",Accepted on 15 Apr,Fall 2025,International,GPA 4.00,,,,International. Applied to HEP-TH.
University of Illinois Urbana-Champaign,Biomedical Engineering,Masters,"April 20, 2025",Accepted on 17 Mar,Fall 2025,International,,,,,
National University,Clinical Psychology,PsyD,"April 20, 2025",Accepted on 14 Apr,Fall 2025,American,GPA 3.22,,,,
Clark University,Biology,PhD,"April 20, 2025",Rejected on 8 Apr,Fall 2025,International,GPA 3.97,,,,
University of Illinois Urbana-Champaign,Mechanical Engineering,PhD,"April 20, 2025",Rejected on 16 Apr,Fall 2025,International,GRE 317,GRE V 155,GRE AW 4.50,GPA 3.97,
University of California (UCLA),Computer Science,Masters,"April 20, 2025",Rejected on 18 Apr,Fall 2025,International,GRE 326,GRE V 158,GRE AW 4.50,GPA 3.80,
Syracuse University,Cultural Anthropology,PhD,"April 20, 2025",Accepted on 15 Apr,Fall 2025,International,,,,,
John Hopkins University,Civi,PhD,"April 20, 2025",Rejected on 14 Apr,Fall 2025,International,GPA 3.80,,,,"Offered MSE, waiting for the official letter to see the scholarship details"
University of Illinois Urbana-Champaign,Mechanical Engineering,PhD,"April 20, 2025",Rejected on 16 Apr,Fall 2025,International,GPA 3.91,,,,"After a long time. No interview, no professor reached. A heartbreaking moment."
Rutgers University,Comparative Literature,PhD,"April 20, 2025",Rejected on 15 Apr,Fall 2025,International,,,,,"Just a very simple late message pls check the portal. It said ""Your application has been reviewed, and the committee has denied admission.""
Couldnt they let us know earlier?"
"University of Nevada, Reno",Clinical Psychology,PhD,"April 19, 2025",Rejected on 16 Apr,Fall 2025,American,,,,,
Texas Tech University,Clinical Psychology,PhD,"April 19, 2025",Rejected on 18 Apr,Fall 2025,American,,,,,
Kent State University,Clinical Psychology,PhD,"April 19, 2025",Rejected on 9 Apr,Fall 2025,American,,,,,
Indiana University/Purdue University at Indianapolis,Clinical Psychology,PhD,"April 19, 2025",Rejected on 11 Apr,Fall 2025,American,,,,,
Miami University,Clinical Psychology,PhD,"April 19, 2025",Rejected on 11 Apr,Fall 2025,American,,,,,
University of Kansas,Clinical Psychology,PhD,"April 19, 2025",Rejected on 18 Apr,Fall 2025,American,,,,,
University of British Columbia,Computer Science,Masters,"April 19, 2025",Rejected on 17 Apr,Fall 2025,International,GPA 3.94,,,,"Domestic applicant, 1 publication, various research experiences throughout undergrad"
University of Pennsylvania,"Language, Globalization and Intercultural Studies",Other,"April 19, 2025",Accepted on 18 Apr,Fall 2025,International,,,,,M.S.Ed.
Montclair State University,Industrial Organizational Psychology,Masters,"April 19, 2025",Accepted on 17 Apr,Fall 2025,American,,,,,
Johns Hopkins Bloomberg School of Public Health,Bioethics,Masters,"April 19, 2025",Accepted on 28 Mar,Fall 2025,American,GPA 3.87,,,,
New York University,Bioethics,Masters,"April 19, 2025",Accepted on 11 Mar,Fall 2025,American,GPA 3.87,,,,
Columbia University,Bioethics,Masters,"April 19, 2025",Accepted on 11 Apr,Fall 2025,American,GPA 3.87,,,,
Montclair State University,Clinical Psychology,Masters,"April 19, 2025",Accepted on 17 Apr,Fall 2025,American,GPA 3.61,,,,
Cornell University,Electrical And Computer Engineering,PhD,"April 19, 2025",Rejected on 16 Apr,Fall 2025,American,GPA 4.00,,,,
Nova Southeastern University,Clinical Psychology,PhD,"April 19, 2025",Wait listed on 11 Apr,Fall 2025,American,,,,,
Indiana University Bloomington,Public Affairs,Masters,"April 19, 2025",Accepted on 2 Apr,Fall 2025,International,GRE 315,GRE V 151,GRE AW 3.50,GPA 3.60,Fulbright Foreign students scholarship recipient from Bangladesh. Fulbright will cover my cost related to this study.
University of California (UCLA),Mechanical Engineering,PhD,"April 19, 2025",Rejected on 19 Apr,Fall 2025,International,GPA 3.80,,,,
Carnegie Mellon University,Mechanical Engineering,PhD,"April 19, 2025",Rejected on 11 Apr,Fall 2025,International,GPA 3.80,,,,
University of Southern California,Urban Planning,Masters,"April 19, 2025",Accepted on 27 Feb,Fall 2025,American,GPA 3.70,,,,
University of California (UCLA),Urban And Regional Planning,Masters,"April 19, 2025",Accepted on 5 Mar,Fall 2025,American,GPA 3.70,,,,No funding unfortunately
University of Washington,Urban Planning,Masters,"April 19, 2025",Accepted on 28 Feb,Fall 2025,American,GPA 3.70,,,,
"University of California, Berkeley",City Planning,Masters,"April 19, 2025",Accepted on 10 Apr,Fall 2025,American,GPA 3.70,,,,
University of Utah,Applied Mathematics,Masters,"April 19, 2025",Accepted on 19 Apr,Fall 2025,American,,,,,"Rejected from PhD, accepted to masters."
DePaul University,Communication Sciences And Disorders,Masters,"April 19, 2025",Wait listed on 19 Apr,Fall 2025,American,GPA 3.30,,,,I withdrew my application since I had already accepted another offer.
Saint Xavier University,Communication Sciences And Disorders,Masters,"April 19, 2025",Accepted on 11 Mar,Fall 2025,American,GPA 3.30,,,,
Penn State University,Informatics,PhD,"April 19, 2025",Accepted on 18 Apr,Fall 2025,International,GPA 3.62,,,,
University of California (UCLA),Quantum Science and Technology,Masters,"April 19, 2025",Accepted on 19 Apr,Fall 2025,International,,,,,
San Francisco State University,Marriage And Family Therapy,Masters,"April 19, 2025",Rejected on 19 Apr,Fall 2025,American,,,,,No interview. Took over 4 1/2 months to receive boiler plate rejection email.
Mohamed bin Zayed University of Artificial Intelligence (MBZUAI),Machine Learning,Masters,"April 19, 2025",Accepted on 2 Feb,Fall 2025,International,GPA 3.50,,,,Contact with the professor before applying and agree to take me in the lab. Also offer me an PhD but I decline and only want Master's
MILA University,Computer Science,Masters,"April 19, 2025",Accepted on 3 Apr,Fall 2025,International,GPA 3.50,,,,"Got accepted by a core member at UdeM, the reason for acceptance mainly because I got one paper (preprint) that's interesting to the professor and only discuss about this, the professor don't care much about my other works (accepted to top conference)"
University of California (UCLA),Nursing,PhD,"April 19, 2025",Rejected on 19 Apr,Fall 2025,American,GPA 3.90,,,,"20 years career experience, internal recommendation letters, Alumni"
Iowa State University,Mechanical Engineering,PhD,"April 19, 2025",Rejected on 19 Apr,Fall 2025,International,GPA 3.71,,,,
Texas A&M University,Civil And Environmental Engineering,Masters,"April 19, 2025",Accepted on 19 Mar,Fall 2025,International,GPA 3.71,,,,"I applied for a PhD in coastal engineering, but I was accepted for a master's degree and they said it was because of my bachelor's degree in mechanics. I also received a $1,000 scholarship offer, but I want to reject it. I hope it goes to someone who really wants it."
University of California (UCLA),Computer Science,PhD,"April 19, 2025",Rejected on 16 Apr,Fall 2025,International,,,,,
Rensselaer Polytechnic Institute,Architecture,Masters,"April 19, 2025",Accepted on 18 Apr,Fall 2025,International,GPA 3.20,,,,
Imperial College London,Advanced Mechanical Engineering,Masters,"April 19, 2025",Rejected on 17 Apr,Fall 2025,International,GPA 3.61,,,,
Johns Hopkins University,Computer Science,PhD,"April 18, 2025",Rejected on 18 Apr,Fall 2025,American,GPA 4.00,,,,
Miami University,Mathematics,Masters,"April 18, 2025",Accepted on 18 Apr,Fall 2025,American,GPA 3.50,,,,Admitted with full assistantship!!
Boston University,Social Work,Masters,"April 18, 2025",Accepted on 17 Apr,Spring 2025,American,,,,,
Dartmouth College,Implementation Science,Masters,"April 18, 2025",Accepted on 18 Apr,Fall 2025,American,GPA 4.00,,,,"MS IMPLEMENTATION SCIENCE ONLINE
DARTMOUTH SCHOLAR SCHOLARSHIP AWARDED"
University of Toronto,Architecture,PhD,"April 18, 2025",Wait listed on 18 Apr,Fall 2025,International,,,,,"No replies, domestic"
Johns Hopkins University,Electrical And Computer Engineering,PhD,"April 18, 2025",Rejected on 18 Apr,Fall 2025,International,,,,,"No interview, email to check portal"
"University of California, Davis",Native American Studies,Masters,"April 18, 2025",Rejected on 16 Apr,Fall 2025,American,,,,,
Brown University,Biotechnology,Masters,"April 18, 2025",Wait listed on 18 Apr,Fall 2025,American,,,,,If you don’t want ur spot PLEASE PLEASE PLEASE decline I want this SOOOOO BAD
San Francisco State University,Marriage And Family Therapy,Masters,"April 18, 2025",Rejected on 18 Apr,Fall 2025,American,,,,,
Johns Hopkins University,Computer Science,PhD,"April 18, 2025",Rejected on 18 Apr,Fall 2025,American,GPA 3.75,,,,
Purdue University,Mechanical Engineering,Masters,"April 18, 2025",Accepted on 18 Apr,Fall 2025,International,,,,,
Boston University,"Molecular Biology, Cell Biology, and Biochemistry",Masters,"April 18, 2025",Rejected on 18 Apr,Fall 2025,American,,,,,
Johns Hopkins University,Computer Science,PhD,"April 18, 2025",Rejected on 18 Apr,Fall 2025,American,,,,,
University of California San Diego,Computer Science,PhD,"April 18, 2025",Rejected on 18 Apr,Fall 2025,American,GPA 4.00,,,,
Johns Hopkins University,Computer Science,PhD,"April 18, 2025",Rejected on 18 Apr,Fall 2025,International,,,,,
University of Pittsburgh,Economics,PhD,"April 18, 2025",Rejected on 18 Apr,Fall 2025,American,,,,,The sent an email saying see attached for update—then forgot to attach anything. They said sorry and sent the rejection letter attachment two minutes later
University of Delaware,Art History,Masters,"April 18, 2025",Accepted on 17 Mar,Fall 2025,American,GPA 4.00,,,,
University of Kansas,Journalism and Mass Communication,PhD,"April 18, 2025",Rejected on 18 Apr,Fall 2025,American,,,,,"Absolute radio silence until I emailed after April 15. I get things are chaotic right now, but this just reeks of unprofessionalism and not caring about applicants. Thankfully, they were last on my list."
Ohio University,Mass Communication,PhD,"April 18, 2025",Rejected on 18 Apr,Fall 2025,American,,,,,"No updates at all, so I emailed after April 15. Found out I'd been on a waitlist but that they had just filled the final spot so I'm out. Thankful someone replied, but would have been nice to know sooner. Oh well."
"University of Virginia, Charlottesville",Political Science,PhD,"April 18, 2025",Rejected on 17 Apr,Fall 2025,International,,,,,"waitlist from Feb, I just checked the portal."
University of Pittsburgh,Economics,PhD,"April 18, 2025",Rejected on 18 Apr,Fall 2025,International,,,,,
"University of Maryland, College Park",Sociology,PhD,"April 18, 2025",Accepted on 17 Apr,Fall 2025,American,GPA 3.70,,,,"Initially rejected, but received the NSF GRFP, emailed the program, and was soon accepted with three years of funding from NSF, and will have to apply for additional funding for the 4th and 5th years."
Northwestern University,Computer Science,Masters,"April 18, 2025",Rejected on 18 Apr,Fall 2025,International,,,,,
University of Illinois Urbana-Champaign,Civil And Environmental Engineering,PhD,"April 18, 2025",Accepted on 17 Apr,Fall 2025,International,GPA 3.50,,,,
"University of California, Santa Cruz",Computer Science,PhD,"April 18, 2025",Rejected on 18 Apr,Fall 2025,International,,,,,
"University of California, San Diego",Computer Science,PhD,"April 18, 2025",Rejected on 18 Apr,Fall 2025,International,,,,,
"University of California, Santa Cruz",Computer Science,PhD,"April 18, 2025",Rejected on 18 Apr,Fall 2025,International,GPA 3.86,,,,
"University of California, Santa Cruz",Computer Science,PhD,"April 18, 2025",Rejected on 18 Apr,Fall 2025,International,,,,,
University of Ottawa,Counselling Psychology,Masters,"April 18, 2025",Accepted on 17 Apr,Fall 2025,International,GPA 3.90,,,,"was originally waitlisted, checked portal and saw status changed to accepted"
Virginia Tech,Urban Planning,PhD,"April 18, 2025",Accepted on 18 Apr,Fall 2025,International,,,,,
University of Alberta,Speech Language Pathology,Masters,"April 18, 2025",Accepted on 3 Apr,Fall 2025,International,,,,,"Submitted with an average of 93% (not on GPA scale) with an Education undergrad. I had 3 yrs of experience working with kids and adults experiencing disabilities, 1 summer experience volunteering at Speech Pathology camps, along with classroom and family experience through my undergrad practicums."
CUNY John Jay College of Criminal Justice,Forensic Psychology,Masters,"April 18, 2025",Accepted on 17 Apr,Fall 2025,American,,,,,
Michigan State University,Mathematics,PhD,"April 18, 2025",Rejected on 18 Apr,Fall 2025,International,,,,,
Stanford University,Statistics,PhD,"April 18, 2025",Accepted on 18 Apr,Fall 2025,American,,,,,GOT OFF WAITLIST
University of California (UCLA),Computer Science,Masters,"April 18, 2025",Rejected on 18 Apr,Fall 2025,American,GPA 3.88,,,,"Had 3 internships from National Lab, One from  Top Biomedical Company"
The University of Texas at Austin,Geological Sciences,PhD,"April 18, 2025",Rejected on 18 Apr,Fall 2025,International,,,,,
Boston University,Journalism,Masters,"April 18, 2025",Accepted on 16 Apr,Fall 2025,International,,,,,
CUNY Graduate Center,Biological Anthropology,PhD,"April 18, 2025",Accepted on 16 Apr,Fall 2025,American,GPA 3.50,,,,
Texas Tech University,Performing Arts Administration,MFA,"April 18, 2025",Accepted on 3 Mar,Fall 2025,International,GPA 3.90,,,,
University of Utah,Film Production,MFA,"April 18, 2025",Rejected on 16 Apr,Fall 2025,International,GPA 3.90,,,,"I was waitlisted in February first :)))

They didn’t answer any of my emails after I submitted my application but they had enough time to meet on Zoom just to receive the application fee!!!"
University of Toronto,Counseling Psychology,Masters,"April 18, 2025",Rejected on 17 Apr,Fall 2025,International,GPA 3.79,,,,
Worcester Polytechnic Institute,Robotics,PhD,"April 18, 2025",Rejected on 17 Apr,Fall 2025,International,GPA 4.00,,,,"financing other students with application fees, I guess"
Stanford University,German Studies,PhD,"April 18, 2025",Accepted on 11 Apr,Fall 2025,International,,,,,BA and Master’s from another world recognised uni. So pleased to get this late acceptance!
The University of Texas at Austin,Geosciences,PhD,"April 18, 2025",Rejected on 18 Apr,Fall 2025,International,,,,,"Half a month later, the coordinator replied by email after I sent the inquiry."
University of Pittsburgh,Economics,PhD,"April 18, 2025",Rejected on 18 Apr,Fall 2025,International,,,,,
Washington State University,Communication,Masters,"April 18, 2025",Accepted on 15 Apr,Fall 2025,International,,,,,
University of Florida,Physics,PhD,"April 18, 2025",Rejected on 15 Apr,Fall 2025,International,,,,,
University of Pittsburgh,Economics,PhD,"April 18, 2025",Rejected on 18 Apr,Fall 2025,International,GRE 331,GRE V 163,,,Sent an email. Did not have an interview or any other news.
"University of California, San Diego",Computer Science,PhD,"April 18, 2025",Rejected on 18 Apr,Fall 2025,American,GPA 3.75,,,,
University of California (UCLA),Computer Science,Masters,"April 18, 2025",Rejected on 18 Apr,Fall 2025,International,GPA 3.72,,,,"6 years professional experience in related fields, 1 international publication"
Lehigh University,Materials Science And Engineering,PhD,"April 18, 2025",Rejected on 18 Apr,Fall 2025,International,,,,,
University of California San Diego,Computer Science,PhD,"April 18, 2025",Rejected on 18 Apr,Fall 2025,International,,,,,
Johns Hopkins,Civil and Systems Engineering,PhD,"April 18, 2025",Rejected on 14 Apr,Fall 2025,International,GPA 3.85,,,,
Colorado State University,Physics,PhD,"April 18, 2025",Rejected on 17 Apr,Fall 2025,International,,,,,reason of rejection: Limitations on enrollment.
University of Illinois Urbana-Champaign,Mechanical Science & Engineering,PhD,"April 18, 2025",Rejected on 16 Apr,Fall 2025,International,,,,,"Generic email, no interview"
Texas A&M University,Computer Science,Masters,"April 18, 2025",Accepted on 31 Mar,Fall 2025,International,,,,,
Carnegie Mellon University,MSPPM-DA,Masters,"April 18, 2025",Accepted on 12 Mar,Fall 2024,International,GRE 158,GRE V 152,GRE AW 4.00,GPA 3.83,"112 TOEFL iBT 1,5 years work experience (law firm, MoECRT, university think tank)"
University of Chicago,Public Policy,Masters,"April 18, 2025",Accepted on 8 Mar,Fall 2024,International,GRE 158,GRE V 152,GRE AW 4.00,GPA 3.83,"112 TOEFL iBT
1,5 years work experience (law firm, MoECRT, university think tank)"
UCSD,Computer Science,PhD,"April 18, 2025",Rejected on 18 Apr,Fall 2025,American,GPA 3.79,,,,
university of california san diego,Computer Science,PhD,"April 18, 2025",Rejected on 18 Apr,Fall 2025,International,,,,,
University of Michigan - Ann Arbor,Materials Science And Engineering,PhD,"April 18, 2025",Rejected on 17 Apr,Fall 2025,International,GPA 3.89,,,,"grad gpa 4.0/4.0, 3 sci pubs, 1 TA experience. no interview rejection"
Courant Institute of Mathematical Sciences,Computer Science,Masters,"April 18, 2025",Accepted on 15 Apr,Fall 2025,International,GRE 319,GRE V 154,GPA 3.50,,"Cgpa 8.5/10, tier 3 indian uni, I got in due to my research, 1 kbs paper, 1 iclr tiny paper and 1 cvpr workshop paper. 1-2 year experience as research engineer, did some good projects there too. I also reviewed for core A/A* conference main track. I also got an outstanding Reviewer award at one of those, idk if mattered"
John Hopkins university,Materials Science And Engineering,PhD,"April 18, 2025",Rejected on 15 Apr,Fall 2025,International,GPA 3.89,,,,"grad gpa 4.0/4.0, three SCI publications (2 first, 1 forth). organic materials and devices"
University of California Irvine,Economics,PhD,"April 18, 2025",Rejected on 18 Apr,Fall 2025,International,,,,,Rejected from Waitlist
University of California (UCLA),Computer Science,Masters,"April 18, 2025",Rejected on 18 Apr,Fall 2025,International,GRE 320,,,,"IITian, BTech in CS . 9+ CGPA"
University of British Columbia,Computer Science,Masters,"April 18, 2025",Rejected on 18 Apr,Fall 2025,International,GPA 3.81,,,,
University of Memphis,Urban Affairs,PhD,"April 18, 2025",Rejected on 12 Mar,Fall 2025,American,,,,,What kind of people receive funding? I didn't even get admission.
University of Michigan - Ann Arbor,Data Science,Masters,"April 18, 2025",Accepted on 18 Apr,Fall 2025,International,,,,,
The University of Texas at Austin,Computer Science,Masters,"April 18, 2025",Rejected on 17 Apr,Fall 2025,International,GPA 3.91,,,,
auburn,Social Work,Masters,"April 18, 2025",Accepted on 18 Apr,Fall 2025,American,,,,,
Pennsylvania State University,Informatics,PhD,"April 18, 2025",Interview on 18 Apr,Fall 2025,International,GRE 338,GRE V 168,GRE AW 4.00,GPA 3.31,Master's GPA 3.89
University of Washington,Studio Art,MFA,"April 17, 2025",Accepted on 17 Apr,Fall 2025,American,,,,,
Carleton University,Earth Sciences,Masters,"April 17, 2025",Accepted on 17 Apr,Fall 2025,International,GPA 3.20,,,,
Texas A&M University,Statistics,PhD,"April 17, 2025",Rejected on 17 Apr,Fall 2025,American,,,,,
University of Washington,Economics,PhD,"April 17, 2025",Rejected on 17 Apr,Fall 2025,International,GRE V 157,GRE AW 99.99,GPA 3.91,,GPA = graduate
Duke University,Interdisciplinary Data Science,Masters,"April 17, 2025",Accepted on 17 Apr,Fall 2025,American,GRE 331,GRE AW 4.50,GPA 3.47,,
University of California (UCSB),East Asian Languages and Cultures,PhD,"April 17, 2025",Accepted on 14 Apr,Fall 2025,International,,,,,
University of Pittsburgh,Political Science,PhD,"April 17, 2025",Rejected on 17 Apr,Fall 2025,American,GPA 3.75,,,,
University of Notre Dame,Civil And Environmental Engineering,PhD,"April 17, 2025",Accepted on 17 Apr,Fall 2025,International,GPA 3.00,,,,So happy.. the university is my first choice
Colorado State University - Global Campus,Physics And Astronomy,PhD,"April 17, 2025",Rejected on 17 Apr,Fall 2025,International,,,,,"Agony of suspense is over, at least for this, 5 more expectations still on the way.
Anyway, best of luck to everyone."
University of Massachusetts Amherst,Organismic and Evolutionary Biology (OEB),PhD,"April 17, 2025",Rejected on 4 Mar,Fall 2025,American,GPA 3.82,,,,
Clemson University,Biological Sciences,PhD,"April 17, 2025",Accepted on 7 Mar,Fall 2025,American,GPA 3.82,,,,
University of Connecticut,Ecology and Evolutionary Biology,PhD,"April 17, 2025",Accepted on 29 Jan,Fall 2025,American,GPA 3.82,,,,
University of Southern California,"Population, Health, Place",PhD,"April 17, 2025",Wait listed on 17 Apr,Fall 2025,International,,,,,Ignore Status: Has anyone heard back or have any info about this program?
University of Connecticut,Geography,PhD,"April 17, 2025",Accepted on 11 Feb,Fall 2025,American,GPA 3.82,,,,
"University of California, Irvine",Biological Sciences,PhD,"April 17, 2025",Accepted on 3 Mar,Fall 2025,American,GPA 3.82,,,,
San Francisco State University,Astronomy and Astrophysics,Masters,"April 17, 2025",Accepted on 17 Apr,Fall 2025,American,,,,,
University of Michigan - Ann Arbor,Materials Science And Engineering,PhD,"April 17, 2025",Rejected on 17 Apr,Fall 2025,International,,,,,
University of Oxford,Mathematical Modelling And Scientific Computing,Masters,"April 17, 2025",Accepted on 11 Apr,Fall 2025,International,GRE 322,GPA 3.80,,,"322 GRE (162 Q, 160 V), 8.5 IELTS, 9.4/10 GPA, 2 papers, 2 years of research experience.
Interviewed on March 17, Accepted on April 11."
University of Pittsburgh,Economics,PhD,"April 17, 2025",Rejected on 14 Apr,Fall 2025,International,,,,,"Waitlist, then rejection."
University of Toronto,Economics,PhD,"April 17, 2025",Rejected on 17 Apr,Fall 2025,International,,,,,
University of Notre Dame,Computer Science,PhD,"April 17, 2025",Rejected on 17 Apr,Fall 2025,International,,,,,
Tufts University,Nutrition,PhD,"April 17, 2025",Rejected on 17 Apr,Fall 2025,American,,,,,
Stanford University,Chemical Engineering HCP,Masters,"April 17, 2025",Rejected on 17 Apr,Fall 2025,American,,,,,
Tufts University,Chemistry and Biotechnology,Masters,"April 17, 2025",Rejected on 17 Apr,Fall 2025,American,,,,,
University of Pittsburgh,Computational Biomedicine and Biotechnology,Masters,"April 17, 2025",Rejected on 17 Apr,Fall 2025,American,,,,,
University of Michigan - Ann Arbor,Educational Leadership and Policy,Masters,"April 17, 2025",Accepted on 14 Feb,Fall 2025,American,,,,,Applied to PhD program and was rejected in late January. Received email from coordinator two weeks after rejection and offered an immediate acceptance into Masters program with funding!
East Carolina University,Speech Language Pathology,Masters,"April 17, 2025",Wait listed on 25 Feb,Fall 2025,American,,,,,"I’m begging from the bottom of my heart. Please if you are not planning on attending ECU, PLEASE decline your offer so the waitlist can move. I can’t afford to move for any other program."
University of Texas at Austin,Educational Leadership and Policy,PhD,"April 17, 2025",Accepted on 17 Apr,Fall 2025,American,,,,,I haven't heard from the school since applying in December. I received an acceptance email today; it is possible that I was on a waitlist I wasn't informed about. Generous funding package. Already accepted an offer from another school :(
Dartmouth College,Mathematics,PhD,"April 17, 2025",Rejected on 17 Apr,Fall 2025,International,,,,,
University of Pittsburgh,Sociology,PhD,"April 17, 2025",Rejected on 17 Apr,Fall 2025,International,,,,,"Well, finally got the email. Generic, without names."
Johns Hopkins University,Astronomy,PhD,"April 17, 2025",Rejected on 17 Apr,Fall 2025,American,GPA 3.65,,,,Would have been nice to know *before* two days **after** the widely acknowledged April 15th acceptance deadline. Just saying.
Ecole Polytechnique Federale De Lausanne (EPFL),Computer Science,Masters,"April 17, 2025",Accepted on 8 Apr,Fall 2025,International,GPA 3.93,,,,
ETH Zurich,Computer Science,Masters,"April 17, 2025",Accepted on 15 Mar,Fall 2025,International,GPA 3.93,,,,
Stanford University,Computer Science,Masters,"April 17, 2025",Rejected on 14 Mar,Fall 2025,International,GPA 3.93,,,,
Mohamed bin Zayed University of Artificial Intelligence (MBZUAI),Computer Vision,Masters,"April 17, 2025",Accepted on 16 Apr,Fall 2025,International,GPA 3.93,,,,
Old Dominion University,Speech Language Pathology,Masters,"April 17, 2025",Accepted on 17 Apr,Fall 2025,American,GPA 3.55,,,,"I was waitlisted for the first round of admissions in early march, but got an acceptance email today!"
City College of New York,Creative Writing Nonfiction,MFA,"April 17, 2025",Accepted on 16 Apr,Fall 2025,American,,,,,
The University of Texas at Austin,Computer Science,Masters,"April 17, 2025",Rejected on 17 Apr,Fall 2025,International,GPA 3.90,,,,"Bronze Medalist at Tier-1 university, good amount of research."
Louisiana State University,Clinical Psychology,PhD,"April 17, 2025",Rejected on 16 Apr,Fall 2025,American,,,,,"rejected no formal interview, was ghosted after prelim JB"
Purdue University,Electrical And Computer Engineering,Masters,"April 17, 2025",Accepted on 17 Apr,Fall 2025,American,,,,,
UT Austin,Computer Science,Masters,"April 17, 2025",Rejected on 17 Apr,Fall 2025,American,,,,,
University of Pittsburgh,Political Science,PhD,"April 17, 2025",Rejected on 17 Apr,Fall 2025,International,,,,,Email from the department!
Iowa State University,Mechanical Engineering,PhD,"April 17, 2025",Rejected on 17 Apr,Fall 2025,International,GRE 319,GRE V 156,GRE AW 3.50,GPA 3.52,"IELTS- 8.5, applied with a generic response from a professor, later got rejected by the professor without an interview. So, rejection was forthcoming."
New York University,Psychology,Masters,"April 17, 2025",Accepted on 17 Apr,Fall 2025,International,GPA 3.86,,,,E-mail to check portal. Admission letter uploaded.
George Mason University,School Psychology,Masters,"April 17, 2025",Rejected on 16 Apr,Fall 2025,American,,,,,"Applied in January and didn't hear anything until now. I assumed I didn't get in once it reached April and I wasn't even waitlisted, but I hate how long it took just to be told no (without an explanation as to why). Honestly, more frustrated than anything, I really wanted this. But thats life, theres always another chance somewhere else."
purd,Engineering Management,Masters,"April 17, 2025",Wait listed on 16 Apr,Fall 2025,International,,,,,
The University of Texas at Austin,Mathematics,PhD,"April 17, 2025",Rejected on 17 Apr,Fall 2025,International,,,,,
Georgia Institute of Technology,"Algorithms, Combinatorics and Optimization",PhD,"April 17, 2025",Rejected on 16 Apr,Fall 2025,International,,,,,Applied to the industrial & systems engineering department
University of Pennsylvania,English,PhD,"April 17, 2025",Wait listed on 1 Mar,Fall 2025,International,,,,,Ignore status. Just wondering if anyone on the Penn waitlist has been offered a spot? Good luck if still waiting!
University of Victoria,Public Health,Masters,"April 17, 2025",Accepted on 14 Apr,Fall 2025,International,GPA 3.70,,,,"Canadian applicant, attended UVic for undergrad (B.A. Psychology)"
University of Toronto,Architecture,PhD,"April 17, 2025",Wait listed on 17 Apr,Fall 2025,International,,,,,"Please IGNORE the waitlist. Did anyone hear back in April? I have not heard back from the admissions team, nor has my status changed. They informed me that the admission decision would be sent out until April. I am not sure if I have been waitlisted."
Northwestern University,English,Masters,"April 17, 2025",Accepted on 17 Apr,Fall 2025,American,GPA 3.76,,,,"Got an email notifying me of my acceptance to the 1-year master's program in English. Pleasantly surprised but annoyed that they would release decisions after April 15th when they know the deadline is to accept offers. Have already accepted somewhere else and no funding so I can't go, but happy to know I got in!"
University of Warwick,Economics,PhD,"April 17, 2025",Rejected on 17 Apr,Fall 2025,International,,,,,
Worcester Polytechnic Institute,Robotics,PhD,"April 17, 2025",Rejected on 17 Apr,Fall 2025,American,GPA 3.81,,,,Accepted to M.S. program
Rutgers University,Linguistics,PhD,"April 17, 2025",Accepted on 15 Apr,Fall 2025,American,GPA 4.00,,,,"Notified by email that I was accepted off waitlist, syntax/semantics & computational ling focusses."
University of Maryland,Communication,PhD,"April 17, 2025",Rejected on 17 Apr,Fall 2025,International,GPA 3.60,,,,"Finally got an answer, even if its not what I wanted. But tbh its better than being kept in the dark since they took so long to send the rejection letters."
University of New Orleans,Justice Studies,PhD,"April 17, 2025",Accepted on 17 Apr,Fall 2025,American,,,,,Funding not mentioned
UC Irvine,Music Composition,PhD,"April 17, 2025",Rejected on 15 Apr,Fall 2025,American,GPA 4.00,,,,
University of Toronto,Computer Science,PhD,"April 17, 2025",Accepted on 31 Mar,Fall 2025,International,,,,,
"University of California, Irvine",Mathematics,PhD,"April 17, 2025",Rejected on 16 Apr,Fall 2025,American,,,,,
Rensselaer Polytechnic Institute,Management,PhD,"April 17, 2025",Rejected on 17 Apr,Fall 2025,International,GRE 330,GRE V 160,GRE AW 4.00,GPA 3.81,Why does a sample rejection letter take so long to reach me?
Washington State University,Materials Science And Engineering,PhD,"April 17, 2025",Wait listed on 17 Apr,Fall 2025,International,,,,,IGNORE STATUS. I have not received any update. The status on the portal still says 'Under review'. Are the acceptances already communicated?
University of Texas at Arlington,Computer Science,PhD,"April 17, 2025",Rejected on 17 Mar,Fall 2025,International,,,,,
Auburn University,Chemistry,PhD,"April 17, 2025",Wait listed on 3 Feb,Fall 2025,International,,,,,"Please, has anyone received any update after being waitlisted in February?"
University of Warwick,Economics,PhD,"April 17, 2025",Rejected on 17 Apr,Fall 2025,International,GPA 3.85,,,,
American University,Economics,PhD,"April 17, 2025",Accepted on 7 Apr,Fall 2025,American,GPA 3.90,,,,Accepted via email.
McGill University,Architecture,Masters,"April 17, 2025",Rejected on 17 Apr,Fall 2025,American,GPA 3.86,,,,Notified by email at 12:30AM to check the portal.
"University of California, Irvine",Creative Writing Poetry,MFA,"April 17, 2025",Wait listed on 10 Apr,Fall 2025,American,,,,,0a/1wl/9r/0p
University of Rhode Island,English,PhD,"April 17, 2025",Rejected on 17 Apr,Fall 2025,American,GPA 3.96,,,,"Notified via email at 12:06am. Not surprised, since acceptances went out months ago, but why they would wait so long to send out rejections is beyond me. GPA is MA."
Texas A&M University,Statistics,PhD,"April 17, 2025",Rejected on 17 Apr,Fall 2025,International,,,,,Too late.
University of California (UCLA),Computer Science,PhD,"April 17, 2025",Rejected on 17 Apr,Fall 2025,American,GPA 4.00,,,,
New York University,Performance Studies,PhD,"April 17, 2025",Rejected on 13 Mar,Fall 2025,International,,,,,
University of Pennsylvania,Comparative Literature,PhD,"April 17, 2025",Rejected on 9 Mar,Fall 2025,International,,,,,
Harvard University,Comparative Literature,PhD,"April 17, 2025",Rejected on 19 Feb,Fall 2025,International,,,,,
Stanford University,Theater and Performance Studies,PhD,"April 17, 2025",Rejected on 13 Mar,Fall 2025,International,,,,,
University of Warwick,Economics,PhD,"April 17, 2025",Rejected on 17 Apr,Fall 2025,International,,,,,
McGill University,Counseling Psychology,Masters,"April 17, 2025",Rejected on 17 Apr,Fall 2025,International,GPA 3.85,,,,From Quebec
University of Minnesota,Computer Science,PhD,"April 17, 2025",Accepted on 15 Apr,Fall 2025,International,,,,,
University of Illinois Urbana-Champaign,Statistics,PhD,"April 17, 2025",Accepted on 15 Apr,Fall 2025,International,,,,,
University of Notre Dame,Mechanical Engineering,PhD,"April 17, 2025",Rejected on 17 Apr,Fall 2025,International,,,,,
Boston University,Media Science,Masters,"April 17, 2025",Accepted on 16 Apr,Fall 2025,International,,,,,
Ecole Polytechnique Federale De Lausanne (EPFL),Mechanical Engineering,Masters,"April 17, 2025",Accepted on 17 Apr,Fall 2025,International,GPA 3.90,,,,From top Iranian university/ two internships in Switzerland
University of Oxford,Engineering Science,PhD,"April 17, 2025",Accepted on 12 Apr,Fall 2025,International,GPA 3.75,,,,
University of Bologna,Economics,PhD,"April 17, 2025",Accepted on 17 Apr,Fall 2025,International,,,,,
Binghamton University,Anthropology,PhD,"April 17, 2025",Accepted on 4 Feb,Fall 2025,International,GPA 4.00,,,,
"University of California, San Diego (UCSD)",Computer Science,Masters,"April 17, 2025",Rejected on 17 Apr,Fall 2025,International,GPA 3.91,,,,
UNC Charlotte,Clinical Health Psychology,PhD,"April 17, 2025",Accepted on 11 Apr,Fall 2025,American,,,,,
The University of Texas at Austin,Electrical Engineering,Masters,"April 17, 2025",Rejected on 3 Apr,Fall 2025,American,GPA 4.00,,,,"Current UT undergraduate, PEPS track"
Lehigh University,Materials Science And Engineering,PhD,"April 17, 2025",Accepted on 4 Apr,Fall 2025,International,GPA 3.42,,,,"I interviewed with a professor at Lehigh University last year. During this period, I received a fully funded PhD from another university. I interviewed again before the deadline and received an offer on the same day."
University of Washington,Asian Languages & Literature,Masters,"April 17, 2025",Accepted on 28 Mar,Fall 2025,International,,,,,No interview.
University of California (UCLA),Statistics,PhD,"April 17, 2025",Rejected on 17 Apr,Fall 2025,International,,,,,Email to check portal
University of California (UCLA),Computer Science,PhD,"April 17, 2025",Rejected on 17 Apr,Fall 2025,International,,,,,
Temple University,Mechanical Engineering,PhD,"April 17, 2025",Accepted on 7 Apr,Fall 2025,International,GRE 161,GRE V 150,GRE AW 3.50,GPA 3.64,
Northeastern University,Chemistry,PhD,"April 17, 2025",Wait listed on 16 Apr,Fall 2025,American,,,,,
University of Notre Dame,Electrical Engineering,PhD,"April 17, 2025",Rejected on 17 Apr,Fall 2025,International,GPA 3.87,,,,
University of Connecticut,Philosophy,PhD,"April 17, 2025",Rejected on 16 Apr,Fall 2025,International,,,,,"Email me to check portal. GPA is grad. Finally a result, though a bad one."
University of Toronto,Urban Planning,Masters,"April 17, 2025",Rejected on 11 Apr,Fall 2025,International,,,,,
columbia uni,da,Masters,"April 17, 2025",Rejected on 16 Apr,Fall 2025,International,GRE 170,GRE V 169,GRE AW 5.00,GPA 3.75,
Ohio State University,Mathematics,PhD,"April 16, 2025",Rejected on 16 Apr,Fall 2025,International,,,,,
Old Dominion University,Speech Language Pathology,Masters,"April 16, 2025",Accepted on 15 Apr,Fall 2025,American,GPA 3.40,,,,Was initially waitlisted on March 7th and advised that I was first on the waitlist. I received an email on April 15th that I had been accepted!! I’m a non traditional student and I received my bachelors degree in 2007 so I wasn’t sure I would get in. I GOT IN!!!!!!1!
University of Connecticut,Sociology,PhD,"April 16, 2025",Accepted on 16 Apr,Fall 2025,American,GRE 320,GRE V 161,GPA 3.76,,"1a/9r/0p. I got an email 4/15 in the morning asking if I was still interested in admission to the PhD program as they were checking in with those at the top of the waitlist (I had not been notified before about being waitlisted or not), and that there may be a funded opening soon. I emailed back right away that I was definitely interested, and this morning I got a personalized email saying I'd be receiving an official offer soon! Later the portal updated with my offer for admission. I feel so fortunate, I had no idea this was going to happen."
University of Ottawa,Philosophy,Masters,"April 16, 2025",Accepted on 8 Apr,Fall 2025,American,GPA 3.40,,,,
North carolina state un,Sociology,PhD,"April 16, 2025",Rejected on 9 Apr,Fall 2025,American,GPA 3.76,,,,"1a/9r/0p, got waitlisted a few months ago and then received 3 emails (one through the portal) telling me I was rejected. The first email was personalized and very nice; all of them were warm and polite."
City University of New York,Sociology,PhD,"April 16, 2025",Accepted on 15 Apr,Fall 2025,International,GRE 167,GRE V 162,GRE AW 5.50,,Over the moon ????
Case Western Reserve University,Chemical Engineering,PhD,"April 16, 2025",Rejected on 14 Apr,Fall 2025,International,GPA 3.42,,,,
Rutgers University,Creative Writing Poetry,MFA,"April 16, 2025",Rejected on 16 Apr,Fall 2025,American,,,,,Newark. kinda sad ....
McGill University,Architecture,PhD,"April 16, 2025",Accepted on 16 Apr,Fall 2025,International,GPA 4.00,,,,"There was just an email to check your status. No interview. 
I'm so happy, I thought if they hadn't contacted me yet, it meant that I wasn't admitted."
Southern Methodist University,Clinical Mental Health Counseling,Masters,"April 16, 2025",Accepted on 11 Apr,Fall 2025,American,GPA 3.37,,,,
University of California (UCSC),Ecology and Evolutionary Biology,PhD,"April 16, 2025",Accepted on 25 Mar,Fall 2025,American,,,,,emailed by PI about acceptance and received official offer letter a week later
Stony Brook University,Marine Conservation & Policy,Masters,"April 16, 2025",Accepted on 15 Apr,Fall 2025,American,GPA 3.10,,,,
University of Arkansas - Fayetteville,Creative Writing Poetry,MFA,"April 16, 2025",Accepted on 16 Apr,Fall 2025,American,,,,,"Accepted off wait-list with full funding, TAship, and an additional scholarship. I am so thankful ????"
Ohio State University,Epidemiology,PhD,"April 16, 2025",Accepted on 16 Apr,Fall 2025,American,,,,,
Northeastern University,Physics,PhD,"April 16, 2025",Rejected on 14 Apr,Fall 2025,International,,,,,
Ohio State University,Spanish and Portuguese,PhD,"April 16, 2025",Rejected on 16 Apr,Fall 2025,American,GPA 3.75,,,,"Says I will receive more info so hopefully I receive any type of feedback, waited 5+ months and reached out over a month ago and got crickets. Don’t know why it took so long but c’est la vie."
Stanford University,Modern Thought and Literature,PhD,"April 16, 2025",Accepted on 16 Apr,Fall 2025,American,GPA 3.63,,,,"I had been told unofficially that I was on the waitlist, and I was accepted off the waitlist today!"
University of Notre Dame,Materials Science And Engineering,PhD,"April 16, 2025",Rejected on 16 Apr,Fall 2025,International,,,,,
University of Notre Dame,Electrical Engineering,PhD,"April 16, 2025",Rejected on 16 Apr,Fall 2025,International,GPA 3.52,,,,
Columbia University,Biological Sciences,PhD,"April 16, 2025",Rejected on 15 Apr,Fall 2025,American,,,,,"waitlisted 3/19, then rejected"
University of Michigan - Ann Arbor,Nuclear Engineering and Radiological Sciences,PhD,"April 16, 2025",Rejected on 16 Apr,Fall 2025,American,GPA 3.84,,,,
University of Southern California,Playwriting,MFA,"April 16, 2025",Interview on 14 Apr,Fall 2025,American,,,,,Declined interview since I'll be attending UCR instead
University of Pennsylvania,Liberal arts,Masters,"April 16, 2025",Accepted on 16 Apr,Fall 2025,International,,,,,
Columbia University,Global and International History,Masters,"April 16, 2025",Wait listed on 15 Apr,Fall 2025,American,GPA 3.97,,,,Notified via email. Does anyone know the chances of getting accepted from the waitlist?
Brooklyn College,Mental Health Counseling,Masters,"April 16, 2025",Accepted on 14 Apr,Fall 2025,American,,,,,THANK GOD. only program i got into????
CUNY Hunter College,Mental Health Counseling,Masters,"April 16, 2025",Rejected on 7 Apr,Fall 2025,American,,,,,
Teachers College at Columbia University,Mental Health Counseling,Masters,"April 16, 2025",Rejected on 31 Mar,Fall 2025,American,,,,,honestly f*ck columbia anyway. free palestine ????????
Dartmouth College,Comparative Literature,Masters,"April 16, 2025",Accepted on 16 Apr,Fall 2025,International,,,,,got off the waitlist. email to check the portal.
University of Illinois Urbana-Champaign,Mechanical Engineering,PhD,"April 16, 2025",Rejected on 16 Apr,Fall 2025,International,GPA 3.78,,,,"After waiting so long, they rejected me. Painful!"
Georgetown University,Economics,PhD,"April 16, 2025",Accepted on 16 Apr,Fall 2025,International,,,,,Does anyone also receive offer from Georgetown today?(04/16/2025) I want to discuss about it!
The University of Texas at Austin,Social Work,Masters,"April 16, 2025",Accepted on 16 Apr,Fall 2025,American,GPA 3.59,,,,"Waitlisted on 3/7, told me I would hear back “no later than 4/15,” got the offer letter today!"
University of British Columbia,NSERC CGS-D,PhD,"April 16, 2025",Accepted on 16 Apr,Fall 2025,International,,,,,"NSERC CGS-D fellowship status update. I heard from my institution but haven't received an email from NSERC yet. For some reason, I can't post to the dedicated thread (no option to reply) so leaving this here."
Johns Hopkins Carey Business School,Finance,Masters,"April 16, 2025",Accepted on 11 Apr,Fall 2025,International,GPA 3.20,,,,With 6 years of work experience in financial industry.
"University of California, Santa Cruz",Social Psychology,PhD,"April 16, 2025",Rejected on 11 Apr,Fall 2025,American,GPA 3.70,,,,
Ohio State University,Mathematics,PhD,"April 16, 2025",Rejected on 16 Apr,Fall 2025,International,,,,,
University of Washington,Applied Mathematics,Masters,"April 16, 2025",Rejected on 6 Feb,Fall 2025,American,GPA 3.84,,,,"Applied for Applied Mathematics MS but offered admission to unfunded Applied and Computational Mathematics MS, 2 bachelor's degrees in software engineering and pure mathematics, 2 years work experience, 2 semesters research experience, 1 grad level class in functional analysis"
University of Alberta,Applied Mathematics,Masters,"April 16, 2025",Rejected on 16 Apr,Fall 2025,American,GPA 3.84,,,,"Thesis-based MSc, 2 bachelor's degrees in software engineering and pure mathematics, 2 years work experience, 2 semesters research experience, 1 grad level class in functional analysis"
University of Rochester,Optics,Masters,"April 16, 2025",Accepted on 16 Apr,Fall 2025,International,,,,,
Geneva Graduate Institute,Economics,PhD,"April 16, 2025",Wait listed on 25 Feb,Fall 2025,International,,,,,Pls reject if u have any dominant offers. This is my last hope. I deeply request. And has anyone who was on the waitlist hear back from them?
University of Toronto,Mathematics,Masters,"April 16, 2025",Rejected on 15 Apr,Fall 2025,International,GPA 3.66,,,,
Western Michigan University,Clinical Psychology,PhD,"April 16, 2025",Accepted on 28 Mar,Fall 2025,American,GPA 3.50,,,,
Georgia Southern University,Speech Language Pathology,Masters,"April 16, 2025",Accepted on 8 Apr,Fall 2025,American,,,,,
University of Michigan,Nuclear Engineering,PhD,"April 16, 2025",Rejected on 16 Apr,Fall 2025,International,GPA 4.00,,,,"no gre toefl 100 undergrad gpa in mech eng 4.0, grad in mech eng 3.25, and a one year prgm in nuclear 3.6 no interview, just email notification 4 months of research xp no xp in the us at that time"
Courtauld Institute of Art,Art History,Masters,"April 16, 2025",Accepted on 12 Mar,Fall 2025,International,,,,,
University of Massachusetts Amherst,Art History,Masters,"April 16, 2025",Accepted on 21 Mar,Fall 2025,International,,,,,
University of California (UCLA),Classics,PhD,"April 16, 2025",Rejected on 15 Apr,Fall 2025,American,,,,,"never once heard anything from them, so i guess i didn't get in. annoyed that they didn't bother to communicate rejections"
University of Michigan - Ann Arbor,Nuclear Engineering and Radiological Sciences,PhD,"April 16, 2025",Rejected on 16 Apr,Fall 2025,International,GPA 3.94,,,,
University of North Texas (UNT),Mathematics,PhD,"April 16, 2025",Rejected on 16 Apr,Fall 2025,American,GRE 327,GRE V 165,GRE AW 3.50,GPA 3.40,
University of Pittsburgh,Bioengineering,PhD,"April 16, 2025",Accepted on 16 Apr,Fall 2025,American,,,,,
University of Massachusetts Amherst,Regional Planning,PhD,"April 16, 2025",Wait listed on 16 Apr,Fall 2025,International,,,,,IGNORE STATUS. I have not received any update. The status on the portal still says 'Under review'. Are the acceptances already communicated? Any help/information is appreciated!
University of Waterloo,Computer Science,Masters,"April 16, 2025",Rejected on 16 Apr,Fall 2025,International,GPA 3.94,,,,"MMAT, domestic applicant
1 publication
Various research experiences throughout undergrad"
University of North Texas (UNT),English,PhD,"April 16, 2025",Rejected on 15 Apr,Fall 2025,American,,,,,Creative Writing concentration. Received an email with the rejection letter attached.
Purdue University,Mathematics,PhD,"April 16, 2025",Rejected on 16 Apr,Fall 2025,International,,,,,I did not receive any email. I logged in the portal and noticed that the decision has been released. The date on the rejection letter is April 16th.
Northeastern University,Chemistry,PhD,"April 16, 2025",Wait listed on 16 Apr,Fall 2025,International,GPA 3.20,,,,"two interviews, a long silence to be add on the waitlist..."
Rutgers University,Physics,PhD,"April 16, 2025",Wait listed on 16 Apr,Fall 2025,International,,,,,Ignore status. I didn't receive any decision in my portal till now. is there anyone like me? when will we hear from them
Ohio State University,Chemistry,PhD,"April 16, 2025",Accepted on 15 Apr,Fall 2025,American,GPA 3.97,,,,I did not accept because I signed to another school. They gave me a notice that I was accepted on the day of the deadline.
Georgia Institute of Technology,Biomedical Engineering,PhD,"April 16, 2025",Rejected on 16 Apr,Fall 2025,International,GPA 3.90,,,,
University of Minnesota,Management,PhD,"April 16, 2025",Rejected on 16 Apr,Fall 2025,International,,,,,
University of South Carolina,English,MFA,"April 16, 2025",Rejected on 15 Apr,Fall 2025,American,,,,,
Georgia Institute of Technology,Industrial Engineering,PhD,"April 16, 2025",Rejected on 16 Apr,Fall 2025,International,GPA 3.77,,,,
Texas A&M University - College Station,Mechanical Engineering,Masters,"April 16, 2025",Accepted on 16 Apr,Fall 2025,International,GPA 3.46,,,,LFGGGGGGGGGGGGGGGGG
University of Texas at Arlington,Mathematics and Statistics,PhD,"April 16, 2025",Wait listed on 16 Apr,Fall 2025,International,GPA 3.54,,,,"Ignore waitlist, please has anyone heard from the program?"
"University of California, Irvine",Economics,PhD,"April 16, 2025",Wait listed on 16 Apr,Fall 2025,International,,,,,"Please please decline if you have dominating offers. This is my only hope. Thanks!
Btw, has anyone on the waitlist received any update?"
University of Washington,Earth and Spaces Sciences,PhD,"April 16, 2025",Rejected on 15 Apr,Fall 2025,American,GPA 3.00,,,,
Cornell University,Electrical And Computer Engineering,PhD,"April 16, 2025",Rejected on 16 Apr,Fall 2025,American,GPA 3.82,,,,
University of Louisiana at Lafayette,Creative Writing Fiction,PhD,"April 16, 2025",Wait listed on 16 Apr,Fall 2025,American,,,,,"Hadn’t heard back so I emailed— here’s the response—

The offers of admission have been sent out and so have the rejections. You should check your application portal to confirm whether you have received either of these notifications. If you did not receive either notification, then you were on our waitlist, and we were hoping to be able to admit you. 

However, at this point, we have made all the offers we expect to make for the Fall 2025 semester. Due to the statewide hiring freeze by the governor of Louisiana, we will not be making any offers after April 12. The earliest we may resume the process is in July, barring any extensions of the hiring freeze. 

I’ve accepted an offer at another school anyways but just wanted my answer. Best of luck to anyone else who is on the waitlist (?? at least I think I’m on the waitlist)

2a/9r/2w/0p"
University of Notre Dame,Sociology,PhD,"April 16, 2025",Accepted on 16 Apr,Fall 2025,International,,,,,"Ignore status, has anyone heard any updates regarding the waitlist status? Still waiting on decisions."
University of Colorado Boulder,Data Science,Masters,"April 16, 2025",Accepted on 14 Apr,Fall 2025,International,GPA 3.40,,,,
University at Buffalo,Data Science,Masters,"April 16, 2025",Accepted on 14 Apr,Fall 2025,International,GPA 3.40,,,,
The University of Texas at Austin,Computer Science,Masters,"April 16, 2025",Wait listed on 16 Apr,Fall 2025,International,,,,,is there anyone left who didn't hear back from them?
University of Alabama,Physics And Astronomy,PhD,"April 16, 2025",Rejected on 16 Apr,Fall 2025,International,,,,,
Lehigh University,Materials Science And Engineering,PhD,"April 16, 2025",Rejected on 16 Apr,Fall 2025,International,GPA 3.57,,,,Rejected for PhD. Acceoted in masters.
Washington State University,Agricultural Economics,PhD,"April 16, 2025",Wait listed on 15 Apr,Fall 2025,International,,,,,"If you have accepted the offer but not planning to join please let them know. Grad Co mentioned everyone from the first round have accepted the offer, so don't have assistantship available for now."
University of California,Economics,PhD,"April 16, 2025",Interview on 16 Apr,Fall 2025,International,,,,,IGNORE THE STATUS. Doesn’t this year’s admission cycle feel so different from last year or the years before? It feels like hardly any movement happened off the waitlist.
The University of Texas at Austin,Pharmaceutical Sciences,PhD,"April 16, 2025",Rejected on 16 Apr,Fall 2025,International,,,,,
Texas A&M University - College Station,Mechanical Engineering,Masters,"April 16, 2025",Accepted on 16 Apr,Fall 2025,International,GRE 312,GRE V 152,GRE AW 99.99,GPA 3.70,No info on funding
Illinois institute of technology,Biomedical Engineering,PhD,"April 16, 2025",Accepted on 6 Apr,Fall 2025,International,,,,,"Was dropped from PhD to MSc with 27k funding for tuition. 

Got an email to check the portal"
Illinois State University,Studio Art,MFA,"April 16, 2025",Rejected on 14 Apr,Fall 2025,American,,,,,
University of California (UCLA),Economics,PhD,"April 16, 2025",Rejected on 16 Apr,Fall 2025,International,GRE 170,GRE V 166,GPA 3.95,,
Arizona State University,Electrical Engineering,Masters,"April 16, 2025",Accepted on 8 Apr,Fall 2025,International,GPA 3.20,,,,No Scholarship awarded.
University of Cambridge,Architecture,PhD,"April 16, 2025",Accepted on 20 Mar,Fall 2025,International,,,,,Offer was made on 20th of March. Waiting to hear back on Funding.
Michigan State University,Economics,PhD,"April 16, 2025",Accepted on 15 Apr,Fall 2025,International,GRE 166,GRE V 159,GRE AW 5.50,GPA 3.90,Selected off the waitlist. Good luck to everyone!
Johns Hopkins University,Physics,PhD,"April 16, 2025",Rejected on 18 Apr,Fall 2025,International,GPA 3.90,,,,Anyone still waiting for JHU? I confirmed that I was on the waitlist by writing to the PI interviewed me. Never heard from the admission office.
University of North Carolina at Chapel Hill,Computer Science,PhD,"April 16, 2025",Rejected on 15 Apr,Fall 2025,International,,,,,
Arizona State University,Economics,PhD,"April 16, 2025",Rejected on 15 Apr,Fall 2025,International,GRE 330,GRE V 160,GRE AW 4.50,GPA 3.58,"Your application for admission to Arizona State University to study in the Economics (PHD) program in the W. P. Carey School of Business was carefully reviewed by the program's department. Based on its recommendation, I regret to inform you that you are not admitted to the Economics (PHD) program."
TAMU,Political Science,PhD,"April 16, 2025",Rejected on 15 Apr,Fall 2025,International,GRE 340,GPA 3.80,,,"Rejected after being WL. Also, has anybody heard back from UIUC and Syracuse? Mine is still silent after I was notified of the waitlist"
University of Southern California,Finance,Masters,"April 16, 2025",Accepted on 11 Apr,Fall 2025,International,GPA 3.51,,,,
University of California (UCLA),Economics,PhD,"April 16, 2025",Rejected on 15 Apr,Fall 2025,International,,,,,
Columbia University,Biotechnology,Masters,"April 16, 2025",Accepted on 15 Apr,Fall 2025,International,GPA 3.92,,,,"my gre was so horrible i didn’t think id get in, but i did!!!"
Northwestern University,Economics,PhD,"April 16, 2025",Rejected on 15 Apr,Fall 2025,International,,,,,Rejected off waitlist
"University of California, San Diego (UCSD)",Economics,PhD,"April 16, 2025",Accepted on 15 Apr,Fall 2025,International,,,,,Accepted off waitlist; declined
The University of Texas at Austin,Computer Science,Masters,"April 16, 2025",Accepted on 12 Apr,Fall 2025,International,,,,,
New York University Courant,Computer Science,Masters,"April 16, 2025",Accepted on 14 Apr,Fall 2025,American,GRE 324,GRE V 154,GRE AW 99.99,GPA 3.50,
University of California (UCLA),Economics,PhD,"April 16, 2025",Rejected on 16 Apr,Fall 2025,International,GPA 3.86,,,,Silent rejection via portal without an e-mail notice.
University of California (UCLA),Economics,PhD,"April 16, 2025",Rejected on 16 Apr,Fall 2025,International,,,,,No e-mail was sent. I had to check the portal manually.
Virginia Tech,Mechanical Engineering,Masters,"April 16, 2025",Rejected on 7 Apr,Fall 2025,International,GPA 3.06,,,,
University of Southern California,Computer Science,PhD,"April 16, 2025",Rejected on 13 Apr,Fall 2025,International,GPA 3.78,,,,No interview
University of Pennsylvania,MCIT,Masters,"April 16, 2025",Wait listed on 1 Apr,Fall 2025,American,GPA 2.30,,,,
"University of Maryland, College Park",Computer Science,Masters,"April 16, 2025",Rejected on 15 Apr,Fall 2025,International,,,,,"Referral to ENTS. Obviously it is filling seats, my background has little to do with this."
Penn State University,Astronomy and Astrophysics,PhD,"April 16, 2025",Rejected on 15 Apr,Fall 2025,International,,,,,Rejected off the waitlist via email
Purdue University,Linguistics,PhD,"April 16, 2025",Rejected on 15 Apr,Fall 2025,American,GPA 4.00,,,,
Indiana University Bloomington,Physics,PhD,"April 16, 2025",Rejected on 8 Apr,Fall 2025,International,,,,,
University of North Carolina at Chapel Hill,Astronomy,PhD,"April 16, 2025",Rejected on 15 Apr,Fall 2025,American,GPA 3.97,,,,
The University of Texas at Austin,"Computational Science, Engineering and Mathematics",PhD,"April 16, 2025",Rejected on 15 Apr,Fall 2025,International,,,,,Received e-mail about the rejection
University of Toronto,Mathematics,Masters,"April 16, 2025",Rejected on 15 Apr,Fall 2025,International,GPA 3.72,,,,Email notification
UCSD,Economics,PhD,"April 16, 2025",Rejected on 15 Apr,Fall 2025,International,GPA 3.86,,,,Rejected from waitlist :(
University of Wisconsin - Madison,Economics,PhD,"April 16, 2025",Rejected on 15 Apr,Fall 2025,International,GPA 3.86,,,,Rejected from the high waitlist
McGill University,School and Applied Child Psychology,Masters,"April 16, 2025",Accepted on 15 Apr,Fall 2025,International,GPA 4.00,,,,Quebec applicant. Already hold a masters degree but thought I would reapply into the masters program for a better shot. 4.0 GPA for my masters with research work with the professor who will be supervising me. Email with acceptance letter came in April 15. Good luck to everyone that applied!
Northeastern University,Physics,PhD,"April 15, 2025",Rejected on 15 Apr,Fall 2025,American,,,,,Wrote to the department and was informed NORTHEASTERN WILL BE TAKING NO PHYSICS PH.D. STUDENTS THIS YEAR. Would've been nice to know earlier. Can't believe I spent $100 and weeks of my time on this.
Cornell University,Robotics,PhD,"April 15, 2025",Wait listed on 15 Apr,Fall 2025,International,,,,,"just wanted to share that I’m currently on the waitlist for this program and honestly, it’s my last chance to pursue a PhD in robotics, something I’ve been working toward and dreaming of for a long time. This has been the hardest, saddest period of my life and I can't tell you how much getting accepted to Cornell will mean to me.  Not only is it close to my gf's but they have amazing faculty and I can literally work with atleast 3 faculty if I wanted to. If you’ve received an offer and have other options you’re planning to accept, please consider doing so. I know today is decision day, and every spot counts. Thank you and good luck to everyone, wherever you end up! Please accept other offers please"
Purdue University,Mathematics,PhD,"April 15, 2025",Rejected on 15 Apr,Fall 2025,International,,,,,They sent general rejection to all remaining students on 15 April.
Purdue University,Mathematics,PhD,"April 15, 2025",Rejected on 15 Apr,Fall 2025,International,,,,,
University of Washington,Public Health,Masters,"April 15, 2025",Rejected on 31 Jan,Fall 2025,American,,,,,
"University of California, Berkeley",Public Health,Masters,"April 15, 2025",Accepted on 18 Feb,Fall 2025,American,,,,,
University of San Diego,Economics,PhD,"April 15, 2025",Wait listed on 1 Mar,Fall 2025,American,GPA 3.80,,,,"Anyone on the waitlist who is not going, please decline!"
University of Washington,Urban Planning,Masters,"April 15, 2025",Accepted on 28 Feb,Fall 2025,American,,,,,
Washington University in St. Louis,Social Work,Masters,"April 15, 2025",Accepted on 15 Apr,Fall 2025,American,,,,,
University of Southern California,Urban Planning,Masters,"April 15, 2025",Accepted on 27 Feb,Fall 2025,American,,,,,
"University of California, Berkeley",City Planning,Masters,"April 15, 2025",Rejected on 10 Apr,Fall 2025,American,,,,,
University of California (UCLA),Urban Design and City Planning,Masters,"April 15, 2025",Rejected on 15 Apr,Fall 2025,American,,,,,
University of British Columbia,Economics,PhD,"April 15, 2025",Wait listed on 14 Apr,Fall 2025,International,,,,,Please decline the offer if you have dominant ones. This is my last hope.
CUNY Graduate Center,Mathematics,PhD,"April 15, 2025",Accepted on 13 Apr,Fall 2025,American,,,,,
Fordham University,School Psychology,PhD,"April 15, 2025",Accepted on 7 Apr,Fall 2025,American,GPA 3.30,,,,I have a 4.0 graduate GPA.
University of Illinois Urbana-Champaign,Computer Science,Masters,"April 15, 2025",Accepted on 2 Apr,Fall 2025,American,GPA 3.98,,,,I was rejected from PhD then accepted for the MCS program
University of British Columbia,Economics,PhD,"April 15, 2025",Rejected on 15 Apr,Fall 2025,International,GRE 169,GRE V 157,GRE AW 4.00,,GPA is
Rensselaer Polytechnic Institute,Mathematics,PhD,"April 15, 2025",Rejected on 15 Apr,Fall 2025,International,GPA 3.65,,,,
University of Toronto,Mathematics,Masters,"April 15, 2025",Rejected on 15 Apr,Fall 2025,International,GPA 3.90,,,,
CUNY Brooklyn College,Creative Writing Poetry,MFA,"April 15, 2025",Rejected on 14 Mar,Fall 2025,American,GPA 3.65,,,,"standard rejection email, crushed by this lol"
Columbia University,Social Work,Masters,"April 15, 2025",Accepted on 15 Apr,Fall 2025,American,GPA 4.00,,,,
New York University,Physics,PhD,"April 15, 2025",Wait listed on 15 Apr,Fall 2025,American,,,,,Ignore status. Is there anyone else who is still waiting for the decision from NYU?
University of North Carolina (UNC),Statistics,Masters,"April 15, 2025",Rejected on 15 Apr,Fall 2025,American,GPA 3.39,,,,"It took around 6 months to hear back, so I kind of already knew it would be a rejection."
San Diego State University,Geography,PhD,"April 15, 2025",Accepted on 2 Apr,Fall 2025,International,,,,,
Penn State University,English,PhD,"April 15, 2025",Rejected on 15 Apr,Fall 2025,American,GPA 3.72,,,,"so angry that they didn’t tell me my status until 5:07 on April 15th, I already accepted another offer two weeks ago but this is still so crazy."
Georgia Institute of Technology,Biomedical Engineering,PhD,"April 15, 2025",Wait listed on 15 Apr,Fall 2025,American,GPA 3.26,,,,"Masters student at Umich. No publications, but two pending, one first author. Top POI no longer hiring students due to change to direct admit"
University of Toronto,Mathematics,Masters,"April 15, 2025",Rejected on 15 Apr,Fall 2025,International,GPA 3.70,,,,"Domestic applicant.
Man"
University of Buffalo,Social Work,Masters,"April 15, 2025",Accepted on 14 Apr,Fall 2025,American,,,,,
Hunter College Silberman School of Social Work,Social Work,Masters,"April 15, 2025",Rejected on 15 Apr,Fall 2025,American,,,,,I submitted super late tbh
University of Kansas,Geography,Masters,"April 15, 2025",Rejected on 15 Apr,Fall 2025,International,GPA 3.78,,,,
Kansas State University,Geography,Masters,"April 15, 2025",Accepted on 15 Apr,Fall 2025,International,GPA 3.78,,,,
Howard University,Clinical Psychology,PhD,"April 15, 2025",Rejected on 15 Apr,Fall 2025,American,,,,,
University of New Mexico,Clinical Psychology,PhD,"April 15, 2025",Rejected on 15 Apr,Fall 2025,American,,,,,No interview
University of Toronto,Mathematics,PhD,"April 15, 2025",Rejected on 15 Apr,Fall 2025,International,,,,,
Rice University,Organizational Behavior,PhD,"April 15, 2025",Rejected on 15 Apr,Fall 2025,International,,,,,
Arizona State University,Physics And Astronomy,PhD,"April 15, 2025",Rejected on 15 Apr,Fall 2025,American,,,,,"No, email. Happened to check page."
Pennsylvania State University,English,PhD,"April 15, 2025",Rejected on 15 Apr,Fall 2025,International,GPA 3.80,,,,from waitlist to rejection
University of British Columbia,Economics,PhD,"April 15, 2025",Rejected on 15 Apr,Fall 2025,International,,,,,
Pennsylvania State University,English,PhD,"April 15, 2025",Rejected on 15 Apr,Fall 2025,American,GPA 3.72,,,,
University of Iowa,English,PhD,"April 15, 2025",Rejected on 15 Apr,Fall 2025,American,GPA 3.72,,,,
Penn State University,English,PhD,"April 15, 2025",Rejected on 15 Apr,Fall 2025,American,GPA 3.67,,,,3.95 MA GPA. Honestly this is so unprofessional to leave a rejection till the day signatures are due for funding contracts. I already accepted somewhere else luckily! 2a/2w/0i/18r/1p
University of Connecticut,Linguistics,PhD,"April 15, 2025",Rejected on 15 Apr,Fall 2025,International,GPA 3.90,,,,
University of British Columbia,Forestry,Masters,"April 15, 2025",Accepted on 15 Apr,Fall 2025,International,,,,,"Canadian student, from UVic"
Rice University,Organizational Behavior,PhD,"April 15, 2025",Rejected on 15 Apr,Fall 2025,International,GRE 317,GRE V 155,GRE AW 4.00,GPA 4.00,
University of North Carolina at Chapel Hill,Physics And Astronomy,PhD,"April 15, 2025",Rejected on 15 Apr,Fall 2025,American,,,,,
North Carolina State University,Genetics and Genomics,PhD,"April 15, 2025",Rejected on 15 Apr,Fall 2025,American,GPA 3.82,,,,
New Yarkk University,Economics,PhD,"April 15, 2025",Accepted on 15 Apr,Fall 2025,American,,,,,Just declined all my other offers. Good luck to all on WL!!
University of Toronto,Mathematics,Masters,"April 15, 2025",Rejected on 15 Apr,Fall 2025,International,GPA 3.65,,,,"Canadian student, received an email to check the grad application site for an update. Good luck to everyone else!"
University of Michigan - Ann Arbor,Molecular Cellular and Developmental Biology,PhD,"April 15, 2025",Accepted on 28 Feb,Fall 2025,American,GPA 3.01,,,,
University of British Columbia,English,Masters,"April 15, 2025",Rejected on 15 Apr,Fall 2025,International,,,,,
UNC Chapel Hill,stat,PhD,"April 15, 2025",Rejected on 15 Apr,Fall 2025,American,,,,,Email to check portal where I found the rejection letter.
Florida State University,Philosophy,PhD,"April 15, 2025",Rejected on 15 Apr,Fall 2025,International,GPA 3.90,,,,Emailed to check portal this morning. So tough to wait for that long.
University of Florida,Physics,PhD,"April 15, 2025",Rejected on 15 Apr,Fall 2025,International,GPA 3.32,,,,"IELTS 7.0, MSc 3.25, Papers 3. Thought so."
University of Oklahoma,Mathematics,PhD,"April 15, 2025",Accepted on 14 Apr,Fall 2025,International,GPA 3.85,,,,23k$ for 9 months+insurance+tuition. Possible summer support 3.5k$-4.5k$.
University of Connecticut,Mathematics,PhD,"April 15, 2025",Accepted on 14 Apr,Fall 2025,International,,,,,Number Theory. Going to decline. Hope this helps someone on the waitlist.
University of North Carolina at Chapel Hill,Epidemiology,PhD,"April 15, 2025",Rejected on 15 Apr,Fall 2025,International,GPA 3.80,,,,Do not receive any updates until 4/15.
Michigan State University,Economics,PhD,"April 15, 2025",Wait listed on 23 Feb,Fall 2025,International,GRE 166,GRE V 159,GRE AW 5.50,GPA 3.90,I am very high on the waitlist. Can everyone for whom MSU is not dominant please reject?
Florida State University,M.S./Ed.S. School Psychology Program,Other,"April 15, 2025",Accepted on 15 Apr,Fall 2025,American,,,,,
University of Utah,Mathematics,PhD,"April 15, 2025",Rejected on 15 Apr,Fall 2025,American,GPA 3.72,,,,Might be doing a masters.
University of British Columbia,Economics,PhD,"April 15, 2025",Wait listed on 28 Mar,Fall 2025,International,,,,,Please reject UBC if you have dominant offers!!! I beg you please do it. It's my dream program and there's not so much time.
University of Michigan - Ann Arbor,Applied Statistics,Masters,"April 15, 2025",Accepted on 15 Apr,Fall 2025,International,GRE 167,GRE V 159,GRE AW 5.00,GPA 3.39,
Cold Spring Harbor Laboratory,Biological Sciences,PhD,"April 15, 2025",Accepted on 8 Apr,Fall 2025,American,GPA 3.50,,,,got waitlisted 02/13/25 and received the offer in early April.
University of Minnesota,Astrophysics,PhD,"April 15, 2025",Rejected on 15 Apr,Fall 2025,American,GPA 3.82,,,,email to check portal.
University of Toronto,Pure Mathematics,Masters,"April 15, 2025",Rejected on 15 Apr,Fall 2025,International,GPA 4.00,,,,"1 publication and undergrad thesis. Not really surprised I got rejected as I wasn't really a great fit for their faculty, only really applied there cause I wasn't sure about leaving Toronto."
Drexel University,Materials Science And Engineering,PhD,"April 15, 2025",Rejected on 15 Apr,Fall 2025,International,,,,,Update on portal. No notification
University of Southern California,Playwriting/Dramatic Writing,MFA,"April 15, 2025",Interview on 15 Apr,Fall 2025,American,,,,,"Interview request for Friday sent past midnight, only two time slots left when I opened the link in the morning."
University of South Carolina,Marine Science,PhD,"April 15, 2025",Accepted on 19 Feb,Fall 2025,American,GPA 3.90,,,,
Massachusetts Institute of Technology (MIT),Aeronautics & Astronautics,PhD,"April 15, 2025",Accepted on 15 Apr,Fall 2025,American,,,,,"I was waitlisted on 21st Feb. on 8th April, I was notified by NSF that my fellowship application was approved. Had informed the same to MIT. This morning, MIT sent me acceptance letter."
Texas Tech University,Counseling Psychology,PhD,"April 15, 2025",Rejected on 11 Apr,Fall 2025,American,GPA 3.75,,,,
Texas Tech University,Clinical Mental Health Counseling,Masters,"April 15, 2025",Wait listed on 7 Apr,Fall 2025,American,GPA 3.75,,,,
McGill University,Sound Recording,Masters,"April 15, 2025",Accepted on 15 Apr,Fall 2025,International,GPA 3.93,,,,"I emailed to yesterday ask if there would be an anticipated release date for results, as I had an acceptance deadline this week for another school. They released my results this morning."
Jacksonville University,Speech Language Pathology,Masters,"April 15, 2025",Accepted on 15 Apr,Fall 2025,American,GPA 3.70,,,,Accepted off waitlist
Georgetown University,Linguistics,PhD,"April 15, 2025",Rejected on 15 Apr,Fall 2025,International,GPA 3.90,,,,Email to check the portal
Purdue University,English,PhD,"April 15, 2025",Rejected on 15 Apr,Fall 2025,American,GPA 4.00,,,,"GPA is from Master's. I got into a better school, but I wish Purdue didn't wait until April 15th to notify me."
University of Southern Mississippi,Polymer Science and Engineering,PhD,"April 15, 2025",Rejected on 15 Apr,Fall 2025,International,,,,,
University of Vermont,"Sustainable Development Policy, Economics and Governance",PhD,"April 15, 2025",Rejected on 15 Apr,Fall 2025,International,,,,,
Queen Mary University of London,Psychology,Masters,"April 15, 2025",Accepted on 15 Apr,Fall 2025,International,,,,,MSc FT Mental Health: Cultural Psychology and Psychiatry
Wayne State University,Biological Sciences,PhD,"April 15, 2025",Rejected on 15 Apr,Fall 2025,American,GPA 3.25,,,,"No notification, it said deny on application page"
University of Toronto,Mathematics,Masters,"April 15, 2025",Rejected on 15 Apr,Fall 2025,International,GPA 3.70,,,,
Northeastern University,Economics,PhD,"April 15, 2025",Rejected on 15 Apr,Fall 2025,International,,,,,"If no one received offer from NEU, I really want to ask that can I retrieve my application fee?"
Brandeis University,Philosophy,Masters,"April 15, 2025",Accepted on 15 Apr,Fall 2025,International,,,,,Email from Umrao Sethi. Accepted off the waitlist.
Florida State University,Clinical Psychology,PhD,"April 15, 2025",Rejected on 15 Apr,Fall 2025,American,,,,,Had an interview and then months later was notified of rejection via status update on application portal.
University of California (UCLA),Architecture,PhD,"April 15, 2025",Rejected on 12 Apr,Fall 2025,American,,,,,
University of Minnesota,Statistics,PhD,"April 15, 2025",Rejected on 15 Apr,Fall 2025,International,,,,,Email to check the portal.
Duke,Economics,PhD,"April 15, 2025",Rejected on 15 Apr,Fall 2025,International,GPA 3.86,,,,Rejected off waitlist
Northeastern University,Economics,PhD,"April 15, 2025",Rejected on 15 Apr,Fall 2025,American,,,,,
Tufts University,Biomedical Engineering,Masters,"April 15, 2025",Accepted on 15 Apr,Fall 2025,American,,,,,
Duke University,Economics,PhD,"April 15, 2025",Rejected on 15 Apr,Fall 2025,International,GRE 170,GRE V 166,GPA 3.95,,rejected from w/l
University of North Carolina at Chapel Hill,Statistics,PhD,"April 15, 2025",Rejected on 15 Apr,Fall 2025,International,,,,,
University of North Carolina at Chapel Hill,Computer Science,PhD,"April 15, 2025",Rejected on 15 Apr,Fall 2025,International,GPA 3.53,,,,
University of Colorado Boulder,Physics,PhD,"April 15, 2025",Rejected on 14 Apr,Fall 2025,American,GPA 3.96,,,,"6 years industry research experience, 2 years academic research experience, 1 publication (3rd author), 1 conference presentation (march meeting)

My to-be PI and the admissions chair emailed me on March 12 saying that I was on a 50 person waitlist. The chair said there were financial concerns and were cutting admissions (combination of high admission rate last year and federal funding). I followed up on 4/14 in the morning and heard from the chair around 10 pm MDT that I will not be admitted. I'm very disappointed because my PI and I had been working together for over 6 months developing a research plan. We got along well and I was excited to work on the project."
McGill University,Electrical And Computer Engineering,Masters,"April 15, 2025",Accepted on 1 Apr,Fall 2025,International,GPA 2.83,,,,"Graduated from ecole polyechnique, 3 long term research internships in machine learning with 2 soon to be published papers"
University of Illinois Urbana-Champaign,Economics,PhD,"April 15, 2025",Wait listed on 15 Apr,Fall 2025,International,GPA 4.00,,,,I beg you please decline if you have any dominant offers. Iam on waitlist for 6 universities.
University of Florida,Physics,PhD,"April 15, 2025",Rejected on 15 Apr,Fall 2025,International,,,,,
"University of Maryland, College Park",Food Science,Masters,"April 15, 2025",Rejected on 3 Apr,Fall 2025,International,GPA 3.91,,,,
University of Massachusetts Amherst,Linguistics,PhD,"April 15, 2025",Accepted on 9 Apr,Fall 2025,International,,,,,off of the waitlist - very grateful!
University of North Carolina at Chapel Hill,Statistics,PhD,"April 15, 2025",Rejected on 15 Apr,Fall 2025,International,,,,,
UNC Chapel Hill,Computer Science,PhD,"April 15, 2025",Rejected on 15 Apr,Fall 2025,American,GPA 3.70,,,,Email about update and it says regret to inform you..
City College of New York,Data Science and Engineering,Masters,"April 15, 2025",Accepted on 15 Apr,Fall 2025,American,,,,,
New York University,Economics,PhD,"April 15, 2025",Wait listed on 3 Mar,Fall 2025,American,,,,,Exploratory offer turned waitlist. Plz get me off plz plz plz
Purdue University,Mathematics,PhD,"April 15, 2025",Rejected on 15 Apr,Fall 2025,International,,,,,email to check portal
University of North Carolina at Chapel Hill,Statistics,PhD,"April 15, 2025",Rejected on 15 Apr,Fall 2025,International,,,,,Checked portal. Expected.
North Carolina State University,Electrical And Computer Engineering,PhD,"April 15, 2025",Rejected on 15 Apr,Fall 2025,International,GPA 3.87,,,,
university of California San Deigo,Computer Science,Masters,"April 15, 2025",Rejected on 15 Apr,Fall 2025,American,GPA 3.80,,,,
Rutgers University,Psychological Sciences,Masters,"April 15, 2025",Accepted on 15 Apr,Fall 2025,American,GPA 3.62,,,,Recieved an email on acceptance.
McGill University,Educational Psychology - Concentration in General Psychology,Masters,"April 15, 2025",Accepted on 15 Apr,Fall 2025,International,GPA 3.50,,,,"Out of province (Ontario) applicant. Received email to check my portal at 12:20am, was really happy to wake up to an acceptance this morning. Waiting to hear from school/applied psych at McGill"
University of British Columbia,Statistics,Masters,"April 15, 2025",Rejected on 14 Apr,Fall 2025,International,GPA 3.72,,,,UTSG Undergrad Stats: Method and theory spec 3.7/4.0. Submitted Dec 2024. Got rejected April 2025.
McGill University,School Applied Child,PhD,"April 15, 2025",Rejected on 15 Apr,Fall 2025,International,,,,,"Ignore the status update for now* — has anyone heard back from the SACP MA or PhD programs yet? Everyone I’ve talked to says their portals still haven’t been updated, so I’m guessing they haven’t even sent out rejections yet?"
University of Pittsburgh,Political Science,PhD,"April 15, 2025",Accepted on 14 Apr,Fall 2025,International,,,,,
Columbia Business School,Economics,PhD,"April 15, 2025",Wait listed on 15 Apr,Fall 2025,International,GRE 169,,,,Shame on schools that don't notify about the result of the admissions. For what are we paying the fees?
University of New Mexico,Electrical And Computer Engineering,PhD,"April 15, 2025",Accepted on 5 Apr,Fall 2025,International,GPA 3.63,,,,
